gamekey,year,week,away,away_prev_wpct,away_prev_a_wpct,home,home_prev_wpct,home_prev_h_wpct,div_flag,away_record,away_wpct,away_a_wpct,home_record,home_wpct,home_h_wpct,result,matchup_weight,home_season_pt_dif,home_3game_pt_dif,home_5game_pt_dif,home_prev_season_pt_dif,away_season_pt_dif,away_3game_pt_dif,away_5game_pt_dif,away_prev_season_pt_dif
54863,2010,1,MIN,0.75,0.5,NO,0.813,0.75,0,0-0-0,0.0,0.0,0-0-0,0.0,0.0,win,1.0,0.0,0.0,0.0,10.5625,0.0,0.0,0.0,9.875
54871,2010,1,CLE,0.313,0.25,TB,0.188,0.125,0,0-0-0,0.0,0.0,0-0-0,0.0,0.0,win,0.0,0.0,0.0,0.0,-9.75,0.0,0.0,0.0,-8.125
54864,2010,1,MIA,0.43799999999999994,0.375,BUF,0.375,0.375,1,0-0-0,0.0,0.0,0-0-0,0.0,0.0,loss,0.33399999999999996,0.0,0.0,0.0,-4.25,0.0,0.0,0.0,-1.875
54868,2010,1,CIN,0.625,0.5,NE,0.625,1.0,0,0-0-0,0.0,0.0,0-0-0,0.0,0.0,win,0.0,0.0,0.0,0.0,8.875,0.0,0.0,0.0,0.875
54866,2010,1,IND,0.875,0.875,HOU,0.563,0.5,1,0-0-0,0.0,0.0,0-0-0,0.0,0.0,win,-1.0,0.0,0.0,0.0,3.4375,0.0,0.0,0.0,6.8125
54867,2010,1,DEN,0.5,0.5,JAC,0.43799999999999994,0.625,0,0-0-0,0.0,0.0,0-0-0,0.0,0.0,win,0.0,0.0,0.0,0.0,-5.625,0.0,0.0,0.0,0.125
54872,2010,1,OAK,0.313,0.375,TEN,0.5,0.625,0,0-0-0,0.0,0.0,0-0-0,0.0,0.0,win,0.0,0.0,0.0,0.0,-3.0,0.0,0.0,0.0,-11.375
54869,2010,1,CAR,0.5,0.375,NYG,0.5,0.5,0,0-0-0,0.0,0.0,0-0-0,0.0,0.0,win,-1.0,0.0,0.0,0.0,-1.5625,0.0,0.0,0.0,0.4375
54865,2010,1,DET,0.125,0.0,CHI,0.43799999999999994,0.625,1,0-0-0,0.0,0.0,0-0-0,0.0,0.0,win,1.0,0.0,0.0,0.0,-3.0,0.0,0.0,0.0,-14.5
54874,2010,1,ARI,0.625,0.75,STL,0.063,0.0,1,0-0-0,0.0,0.0,0-0-0,0.0,0.0,loss,-0.33399999999999996,0.0,0.0,0.0,-16.3125,0.0,0.0,0.0,3.125
54870,2010,1,ATL,0.563,0.375,PIT,0.563,0.75,0,0-0-0,0.0,0.0,0-0-0,0.0,0.0,win,0.0,0.0,0.0,0.0,2.75,0.0,0.0,0.0,2.375
54873,2010,1,GB,0.688,0.625,PHI,0.688,0.75,0,0-0-0,0.0,0.0,0-0-0,0.0,0.0,loss,-1.0,0.0,0.0,0.0,5.75,0.0,0.0,0.0,10.25
54875,2010,1,SF,0.5,0.25,SEA,0.313,0.5,1,0-0-0,0.0,0.0,0-0-0,0.0,0.0,win,-0.33399999999999996,0.0,0.0,0.0,-6.875,0.0,0.0,0.0,3.0625
54876,2010,1,DAL,0.688,0.625,WAS,0.25,0.375,1,0-0-0,0.0,0.0,0-0-0,0.0,0.0,win,-1.0,0.0,0.0,0.0,-4.375,0.0,0.0,0.0,6.9375
54877,2010,1,BAL,0.563,0.375,NYJ,0.563,0.5,0,0-0-0,0.0,0.0,0-0-0,0.0,0.0,loss,0.0,0.0,0.0,0.0,7.0,0.0,0.0,0.0,8.125
54878,2010,1,SD,0.813,0.875,KC,0.25,0.125,1,0-0-0,0.0,0.0,0-0-0,0.0,0.0,win,-1.0,0.0,0.0,0.0,-8.125,0.0,0.0,0.0,8.375
54892,2010,2,HOU,0.563,0.625,WAS,0.25,0.375,0,1-0-0,1.0,0.0,1-0-0,1.0,1.0,loss,0.0,6.0,6.0,6.0,-4.375,10.0,10.0,10.0,3.4375
54885,2010,2,BUF,0.375,0.375,GB,0.688,0.75,0,0-1-0,0.0,0.0,1-0-0,1.0,0.0,win,0.0,7.0,7.0,7.0,10.25,-5.0,-5.0,-5.0,-4.25
54886,2010,2,MIA,0.43799999999999994,0.375,MIN,0.75,1.0,0,1-0-0,1.0,1.0,0-1-0,0.0,0.0,loss,0.0,-5.0,-5.0,-5.0,9.875,5.0,5.0,5.0,-1.875
54882,2010,2,KC,0.25,0.375,CLE,0.313,0.375,0,1-0-0,1.0,0.0,0-1-0,0.0,0.0,loss,1.0,-3.0,-3.0,-3.0,-8.125,7.0,7.0,7.0,-8.125
54887,2010,2,PIT,0.563,0.375,TEN,0.5,0.625,0,1-0-0,1.0,0.0,1-0-0,1.0,1.0,loss,-1.0,25.0,25.0,25.0,-3.0,6.0,6.0,6.0,2.75
54883,2010,2,CHI,0.43799999999999994,0.25,DAL,0.688,0.75,0,1-0-0,1.0,0.0,0-1-0,0.0,0.0,loss,0.0,-6.0,-6.0,-6.0,6.9375,5.0,5.0,5.0,-3.0
54884,2010,2,PHI,0.688,0.625,DET,0.125,0.25,0,0-1-0,0.0,0.0,0-1-0,0.0,0.0,loss,0.0,-5.0,-5.0,-5.0,-14.5,-7.0,-7.0,-7.0,5.75
54879,2010,2,ARI,0.625,0.75,ATL,0.563,0.75,0,1-0-0,1.0,1.0,0-1-0,0.0,0.0,win,0.0,-6.0,-6.0,-6.0,2.375,4.0,4.0,4.0,3.125
54880,2010,2,TB,0.188,0.25,CAR,0.5,0.625,1,1-0-0,1.0,0.0,0-1-0,0.0,0.0,loss,0.33399999999999996,-13.0,-13.0,-13.0,0.4375,3.0,3.0,3.0,-9.75
54888,2010,2,SEA,0.313,0.125,DEN,0.5,0.5,0,1-0-0,1.0,0.0,0-1-0,0.0,0.0,win,0.0,-7.0,-7.0,-7.0,0.125,25.0,25.0,25.0,-6.875
54889,2010,2,STL,0.063,0.125,OAK,0.313,0.25,0,0-1-0,0.0,0.0,0-1-0,0.0,0.0,win,0.0,-25.0,-25.0,-25.0,-11.375,-4.0,-4.0,-4.0,-16.3125
54890,2010,2,NE,0.625,0.25,NYJ,0.563,0.5,1,1-0-0,1.0,0.0,0-1-0,0.0,0.0,win,0.0,-1.0,-1.0,-1.0,7.0,14.0,14.0,14.0,8.875
54881,2010,2,BAL,0.563,0.375,CIN,0.625,0.75,1,1-0-0,1.0,1.0,0-1-0,0.0,0.0,win,0.33399999999999996,-14.0,-14.0,-14.0,0.875,1.0,1.0,1.0,8.125
54891,2010,2,JAC,0.43799999999999994,0.25,SD,0.813,0.75,0,1-0-0,1.0,0.0,0-1-0,0.0,0.0,win,0.0,-7.0,-7.0,-7.0,8.375,7.0,7.0,7.0,-5.625
54893,2010,2,NYG,0.5,0.5,IND,0.875,0.875,0,1-0-0,1.0,0.0,0-1-0,0.0,0.0,win,0.0,-10.0,-10.0,-10.0,6.8125,13.0,13.0,13.0,-1.5625
54894,2010,2,NO,0.813,0.875,SF,0.5,0.75,0,1-0-0,1.0,0.0,0-1-0,0.0,0.0,loss,0.0,-25.0,-25.0,-25.0,3.0625,5.0,5.0,5.0,10.5625
54902,2010,3,TEN,0.5,0.375,NYG,0.5,0.5,0,1-1-0,0.5,0.0,1-1-0,0.5,1.0,loss,0.0,-5.5,-5.5,-5.5,-1.5625,8.5,8.5,8.5,-3.0
54896,2010,3,CIN,0.625,0.5,CAR,0.5,0.625,0,1-1-0,0.5,0.0,0-2-0,0.0,0.0,loss,0.0,-13.0,-13.0,-13.0,0.4375,-4.5,-4.5,-4.5,0.875
54903,2010,3,PIT,0.563,0.375,TB,0.188,0.125,0,2-0-0,1.0,1.0,2-0-0,1.0,1.0,loss,0.0,8.0,8.0,8.0,-9.75,7.0,7.0,7.0,2.75
54900,2010,3,BUF,0.375,0.375,NE,0.625,1.0,1,0-2-0,0.0,0.0,1-1-0,0.5,1.0,win,1.0,0.0,0.0,0.0,8.875,-16.0,-16.0,-16.0,-4.25
54895,2010,3,CLE,0.313,0.25,BAL,0.563,0.75,1,0-2-0,0.0,0.0,1-1-0,0.5,0.0,win,1.0,-2.0,-2.0,-2.0,8.125,-2.5,-2.5,-2.5,-8.125
54899,2010,3,DET,0.125,0.0,MIN,0.75,1.0,1,0-2-0,0.0,0.0,0-2-0,0.0,0.0,win,0.33399999999999996,-4.5,-4.5,-4.5,9.875,-4.0,-4.0,-4.0,-14.5
54901,2010,3,ATL,0.563,0.375,NO,0.813,0.75,1,1-1-0,0.5,0.0,2-0-0,1.0,1.0,loss,1.0,4.0,4.0,4.0,10.5625,14.0,14.0,14.0,2.375
54905,2010,3,WAS,0.25,0.125,STL,0.063,0.0,0,1-1-0,0.5,0.0,0-2-0,0.0,0.0,win,-1.0,-3.0,-3.0,-3.0,-16.3125,1.5,1.5,1.5,-4.375
54897,2010,3,DAL,0.688,0.625,HOU,0.563,0.5,0,0-2-0,0.0,0.0,2-0-0,1.0,1.0,loss,0.0,6.5,6.5,6.5,3.4375,-6.5,-6.5,-6.5,6.9375
54898,2010,3,SF,0.5,0.25,KC,0.25,0.125,0,0-2-0,0.0,0.0,2-0-0,1.0,1.0,win,0.0,4.5,4.5,4.5,-8.125,-14.0,-14.0,-14.0,3.0625
54904,2010,3,PHI,0.688,0.625,JAC,0.43799999999999994,0.625,0,1-1-0,0.5,1.0,1-1-0,0.5,1.0,loss,0.0,-9.0,-9.0,-9.0,-5.625,-2.0,-2.0,-2.0,5.75
54907,2010,3,IND,0.875,0.875,DEN,0.5,0.5,0,1-1-0,0.5,0.0,1-1-0,0.5,1.0,loss,-1.0,5.0,5.0,5.0,0.125,7.0,7.0,7.0,6.8125
54906,2010,3,OAK,0.313,0.375,ARI,0.625,0.5,0,1-1-0,0.5,0.0,1-1-0,0.5,0.0,win,0.0,-15.0,-15.0,-15.0,3.125,-11.5,-11.5,-11.5,-11.375
54908,2010,3,SD,0.813,0.875,SEA,0.313,0.5,0,1-1-0,0.5,0.0,1-1-0,0.5,1.0,win,0.0,4.0,4.0,4.0,-6.875,9.0,9.0,9.0,8.375
54909,2010,3,NYJ,0.563,0.625,MIA,0.43799999999999994,0.5,1,1-1-0,0.5,0.0,2-0-0,1.0,0.0,loss,1.0,4.5,4.5,4.5,-1.875,6.5,6.5,6.5,7.0
54910,2010,3,GB,0.688,0.625,CHI,0.43799999999999994,0.625,1,2-0-0,1.0,1.0,2-0-0,1.0,1.0,win,-1.0,6.0,6.0,6.0,-3.0,17.0,17.0,17.0,10.25
54912,2010,4,NYJ,0.563,0.625,BUF,0.375,0.375,1,2-1-0,0.667,1.0,0-3-0,0.0,0.0,loss,-0.33399999999999996,-13.333,-13.333,-13.333,-4.25,7.0,7.0,7.0,7.0
54913,2010,4,CIN,0.625,0.5,CLE,0.313,0.375,1,2-1-0,0.667,0.5,0-3-0,0.0,0.0,win,-1.0,-4.0,-4.0,-4.0,-8.125,1.3330000000000002,1.3330000000000002,1.3330000000000002,0.875
54916,2010,4,BAL,0.563,0.375,PIT,0.563,0.75,1,2-1-0,0.667,0.5,3-0-0,1.0,1.0,loss,0.5,13.0,13.0,13.0,2.75,1.0,1.0,1.0,8.125
54918,2010,4,DEN,0.5,0.5,TEN,0.5,0.625,0,1-2-0,0.33299999999999996,0.0,2-1-0,0.667,0.5,loss,0.0,12.0,12.0,12.0,-3.0,-1.3330000000000002,-1.3330000000000002,-1.3330000000000002,0.125
54914,2010,4,DET,0.125,0.0,GB,0.688,0.75,1,0-3-0,0.0,0.0,2-1-0,0.667,1.0,win,0.33399999999999996,10.333,10.333,10.333,10.25,-7.332999999999999,-7.332999999999999,-7.332999999999999,-14.5
54911,2010,4,SF,0.5,0.25,ATL,0.563,0.75,0,0-3-0,0.0,0.0,2-1-0,0.667,1.0,win,1.0,10.333,10.333,10.333,2.375,-16.333,-16.333,-16.333,3.0625
54915,2010,4,CAR,0.5,0.375,NO,0.813,0.75,1,0-3-0,0.0,0.0,2-1-0,0.667,0.5,win,0.33399999999999996,1.6669999999999998,1.6669999999999998,1.6669999999999998,10.5625,-13.0,-13.0,-13.0,0.4375
54917,2010,4,SEA,0.313,0.125,STL,0.063,0.0,1,2-1-0,0.667,0.0,1-2-0,0.33299999999999996,0.5,win,-1.0,2.667,2.667,2.667,-16.3125,5.0,5.0,5.0,-6.875
54919,2010,4,IND,0.875,0.875,JAC,0.43799999999999994,0.625,1,2-1-0,0.667,0.5,1-2-0,0.33299999999999996,0.5,win,-1.0,-14.333,-14.333,-14.333,-5.625,9.333,9.333,9.333,6.8125
54920,2010,4,HOU,0.563,0.625,OAK,0.313,0.25,0,2-1-0,0.667,1.0,1-2-0,0.33299999999999996,1.0,loss,-1.0,-8.0,-8.0,-8.0,-11.375,-0.33299999999999996,-0.33299999999999996,-0.33299999999999996,3.4375
54921,2010,4,WAS,0.25,0.125,PHI,0.688,0.75,1,1-2-0,0.33299999999999996,0.0,2-1-0,0.667,0.0,loss,1.0,7.0,7.0,7.0,5.75,-3.667,-3.667,-3.667,-4.375
54922,2010,4,ARI,0.625,0.75,SD,0.813,0.75,0,2-1-0,0.667,0.5,1-2-0,0.33299999999999996,1.0,win,0.0,3.667,3.667,3.667,8.375,-9.667,-9.667,-9.667,3.125
54923,2010,4,CHI,0.43799999999999994,0.25,NYG,0.5,0.5,0,3-0-0,1.0,1.0,1-2-0,0.33299999999999996,0.5,win,0.0,-10.0,-10.0,-10.0,-1.5625,5.0,5.0,5.0,-3.0
54924,2010,4,NE,0.625,0.25,MIA,0.43799999999999994,0.5,1,2-1-0,0.667,0.0,2-1-0,0.667,0.0,loss,-0.33399999999999996,0.33299999999999996,0.33299999999999996,0.33299999999999996,-1.875,2.667,2.667,2.667,8.875
54926,2010,5,JAC,0.43799999999999994,0.25,BUF,0.375,0.375,0,2-2-0,0.5,0.0,0-4-0,0.0,0.0,loss,-1.0,-16.0,-19.667,-16.0,-4.25,-10.0,-15.667,-10.0,-5.625
54925,2010,5,DEN,0.5,0.5,BAL,0.563,0.75,0,2-2-0,0.5,0.5,3-1-0,0.75,1.0,win,1.0,1.5,1.6669999999999998,1.5,8.125,0.5,3.0,0.5,0.125
54931,2010,5,KC,0.25,0.375,IND,0.875,0.875,0,3-0-0,1.0,1.0,2-2-0,0.5,1.0,win,0.0,6.25,11.667,6.25,6.8125,10.0,10.0,5.0,-8.125
54933,2010,5,GB,0.688,0.625,WAS,0.25,0.375,0,3-1-0,0.75,0.5,2-2-0,0.5,0.5,win,0.0,-1.5,-4.0,-1.5,-4.375,8.25,8.667,8.25,10.25
54930,2010,5,STL,0.063,0.125,DET,0.125,0.25,0,2-2-0,0.5,0.0,0-4-0,0.0,0.0,win,-1.0,-6.0,-6.332999999999999,-6.0,-14.5,6.25,9.667,6.25,-16.3125
54927,2010,5,CHI,0.43799999999999994,0.25,CAR,0.5,0.625,0,3-1-0,0.75,0.5,0-4-0,0.0,0.0,loss,0.0,-10.25,-9.333,-10.25,0.4375,0.25,-1.3330000000000002,0.25,-3.0
54928,2010,5,TB,0.188,0.25,CIN,0.625,0.75,0,2-1-0,0.667,1.0,2-2-0,0.5,1.0,loss,0.0,0.25,5.0,0.25,0.875,-3.0,-3.0,-1.5,-9.75
54929,2010,5,ATL,0.563,0.375,CLE,0.313,0.375,0,3-1-0,0.75,0.5,1-3-0,0.25,0.5,loss,0.0,-2.25,-2.0,-2.25,-8.125,8.25,13.0,8.25,2.375
54932,2010,5,NYG,0.5,0.5,HOU,0.563,0.5,0,2-2-0,0.5,0.0,3-1-0,0.75,0.5,loss,0.0,1.5,-1.3330000000000002,1.5,3.4375,-4.0,-9.667,-4.0,-1.5625
54934,2010,5,NO,0.813,0.875,ARI,0.625,0.5,0,3-1-0,0.75,1.0,2-2-0,0.5,1.0,win,-1.0,-15.0,-21.333000000000002,-15.0,3.125,1.75,0.667,1.75,10.5625
54935,2010,5,TEN,0.5,0.375,DAL,0.688,0.75,0,2-2-0,0.5,1.0,1-2-0,0.33299999999999996,0.0,loss,0.0,0.33299999999999996,0.33299999999999996,-1.5,6.9375,7.5,1.6669999999999998,7.5,-3.0
54936,2010,5,SD,0.813,0.875,OAK,0.313,0.25,1,2-2-0,0.5,0.0,1-3-0,0.25,0.5,win,-0.33399999999999996,-7.75,-2.0,-7.75,-11.375,10.5,16.333,10.5,8.375
54937,2010,5,PHI,0.688,0.625,SF,0.5,0.75,0,2-2-0,0.5,1.0,0-4-0,0.0,0.0,loss,-1.0,-12.75,-8.667,-12.75,3.0625,4.0,7.667000000000001,4.0,5.75
54938,2010,5,MIN,0.75,0.5,NYJ,0.563,0.5,0,1-2-0,0.33299999999999996,0.0,3-1-0,0.75,0.5,win,0.0,11.25,15.333,11.25,7.0,1.6669999999999998,1.6669999999999998,-1.0,9.875
54940,2010,6,MIA,0.43799999999999994,0.375,GB,0.688,0.75,0,2-2-0,0.5,1.0,3-2-0,0.6,1.0,loss,0.0,6.0,-1.3330000000000002,6.0,10.25,-6.5,-10.333,-4.6,-1.875
54946,2010,6,SD,0.813,0.875,STL,0.063,0.0,0,2-3-0,0.4,0.0,2-3-0,0.4,0.667,win,0.0,-2.6,-2.333,-2.6,-16.3125,6.8,5.332999999999999,6.8,8.375
54942,2010,6,BAL,0.563,0.375,NE,0.625,1.0,0,4-1-0,0.8,0.667,3-1-0,0.75,1.0,win,0.0,8.75,7.0,7.6,8.875,4.0,8.0,4.0,8.125
54945,2010,6,CLE,0.313,0.25,PIT,0.563,0.75,1,1-4-0,0.2,0.0,3-1-0,0.75,0.5,win,0.33399999999999996,9.0,10.0,10.8,2.75,-3.8,-4.667,-3.8,-8.125
54941,2010,6,KC,0.25,0.375,HOU,0.563,0.5,0,3-1-0,0.75,0.5,3-2-0,0.6,0.33299999999999996,win,0.0,-3.6,-10.333,-3.6,3.4375,5.0,4.333,3.2,-8.125
54943,2010,6,DET,0.125,0.0,NYG,0.5,0.5,0,1-4-0,0.2,0.0,3-2-0,0.6,0.667,win,0.0,1.6,6.332999999999999,1.6,-1.5625,2.8,7.332999999999999,2.8,-14.5
54944,2010,6,ATL,0.563,0.375,PHI,0.688,0.75,0,4-1-0,0.8,0.667,3-2-0,0.6,0.0,win,1.0,3.8,7.667000000000001,3.8,5.75,8.6,5.0,8.6,2.375
54939,2010,6,SEA,0.313,0.125,CHI,0.43799999999999994,0.625,0,2-2-0,0.5,0.0,4-1-0,0.8,1.0,loss,1.0,3.6,2.0,3.6,-3.0,-0.5,-9.0,0.2,-6.875
54947,2010,6,NO,0.813,0.875,TB,0.188,0.125,1,3-2-0,0.6,0.5,3-1-0,0.75,0.5,loss,0.33399999999999996,-1.5,-3.0,-6.2,-9.75,-0.6,-3.667,-0.6,10.5625
54948,2010,6,NYJ,0.563,0.625,DEN,0.5,0.5,0,4-1-0,0.8,1.0,2-3-0,0.4,0.5,loss,0.0,-2.4,-7.332999999999999,-2.4,0.125,10.8,13.667,10.8,7.0
54949,2010,6,OAK,0.313,0.375,SF,0.5,0.75,0,2-3-0,0.4,0.0,0-5-0,0.0,0.0,win,0.0,-10.8,-8.667,-10.8,3.0625,-4.6,0.0,-4.6,-11.375
54950,2010,6,DAL,0.688,0.625,MIN,0.75,1.0,0,1-3-0,0.25,0.5,1-3-0,0.25,0.5,win,1.0,-1.0,0.33299999999999996,-0.2,9.875,-1.5,0.0,-1.8,6.9375
54951,2010,6,IND,0.875,0.875,WAS,0.25,0.375,0,3-2-0,0.6,0.33299999999999996,3-2-0,0.6,0.667,loss,0.0,-0.6,-2.0,-0.6,-4.375,7.0,7.0,7.0,6.8125
54952,2010,6,TEN,0.5,0.375,JAC,0.43799999999999994,0.625,1,3-2-0,0.6,1.0,3-2-0,0.6,0.667,loss,0.33399999999999996,-6.0,-4.0,-6.0,-5.625,7.4,6.667000000000001,7.4,-3.0
54953,2010,7,CIN,0.625,0.5,ATL,0.563,0.75,0,2-3-0,0.4,0.33299999999999996,4-2-0,0.667,1.0,win,0.0,4.833,-0.667,7.0,2.375,-0.4,2.333,-0.4,0.875
54818,2010,7,PIT,0.563,0.375,MIA,0.43799999999999994,0.5,0,4-1-0,0.8,1.0,3-2-0,0.6,0.0,loss,-1.0,-4.6,-10.667,-4.6,-1.875,10.8,13.333,10.8,2.75
54954,2010,7,BUF,0.375,0.375,BAL,0.563,0.75,0,0-5-0,0.0,0.0,4-2-0,0.667,1.0,win,0.0,2.833,4.667,3.2,8.125,-14.8,-14.0,-14.8,-4.25
54817,2010,7,JAC,0.43799999999999994,0.25,KC,0.25,0.125,0,3-3-0,0.5,0.5,3-2-0,0.6,1.0,win,-1.0,3.2,2.333,3.2,-8.125,-9.5,-4.667,-12.8,-5.625
54819,2010,7,CLE,0.313,0.25,NO,0.813,0.75,0,1-5-0,0.16699999999999998,0.0,4-2-0,0.667,0.667,loss,0.0,3.667,5.667000000000001,3.4,10.5625,-6.167000000000001,-8.333,-6.8,-8.125
54816,2010,7,WAS,0.25,0.125,CHI,0.43799999999999994,0.625,0,3-3-0,0.5,0.5,4-2-0,0.667,0.667,loss,0.0,2.5,0.0,2.0,-3.0,-1.0,1.6669999999999998,-2.4,-4.375
54955,2010,7,SF,0.5,0.25,CAR,0.5,0.625,0,1-5-0,0.16699999999999998,0.0,0-5-0,0.0,0.0,win,0.0,-11.6,-10.667,-11.6,0.4375,-7.667000000000001,1.0,-4.2,3.0625
54820,2010,7,STL,0.063,0.125,TB,0.188,0.125,0,3-3-0,0.5,0.0,3-2-0,0.6,0.33299999999999996,win,0.0,-6.2,-15.667,-6.2,-9.75,-1.6669999999999998,-6.0,-1.2,-16.3125
54821,2010,7,PHI,0.688,0.625,TEN,0.5,0.625,0,4-2-0,0.667,1.0,4-2-0,0.667,0.33299999999999996,win,0.0,10.667,9.333,7.8,-3.0,5.5,4.0,8.0,5.75
54822,2010,7,ARI,0.625,0.75,SEA,0.313,0.5,1,3-2-0,0.6,0.33299999999999996,3-2-0,0.6,1.0,win,-0.33399999999999996,0.2,-2.333,0.2,-6.875,-10.0,-6.667000000000001,-10.0,3.125
54823,2010,7,NE,0.625,0.25,SD,0.813,0.75,0,4-1-0,0.8,0.5,2-4-0,0.33299999999999996,1.0,loss,0.0,5.167000000000001,6.667000000000001,7.6,8.375,7.6,12.667,7.6,8.875
54824,2010,7,OAK,0.313,0.375,DEN,0.5,0.5,1,2-4-0,0.33299999999999996,0.0,2-4-0,0.33299999999999996,0.33299999999999996,loss,-0.33399999999999996,-2.667,-4.0,-1.8,0.125,-5.167000000000001,-2.333,-1.2,-11.375
54825,2010,7,MIN,0.75,0.5,GB,0.688,0.75,1,2-3-0,0.4,0.0,3-3-0,0.5,0.667,win,-0.33399999999999996,4.5,-1.3330000000000002,4.0,10.25,-0.2,2.667,-0.2,9.875
54826,2010,7,NYG,0.5,0.5,DAL,0.688,0.75,1,4-2-0,0.667,0.5,1-4-0,0.2,0.0,loss,-0.33399999999999996,-1.8,1.3330000000000002,-1.8,6.9375,2.667,15.333,0.6,-1.5625
54833,2010,8,DEN,0.5,0.5,SF,0.5,0.75,0,2-5-0,0.28600000000000003,0.33299999999999996,1-6-0,0.14300000000000002,0.33299999999999996,win,0.0,-7.0,0.667,-4.2,3.0625,-8.714,-21.0,-14.2,0.125
54828,2010,8,JAC,0.43799999999999994,0.25,DAL,0.688,0.75,0,3-4-0,0.429,0.33299999999999996,1-5-0,0.16699999999999998,0.0,loss,0.0,-2.5,-5.332999999999999,-1.8,6.9375,-11.286,-13.0,-12.2,-5.625
54827,2010,8,MIA,0.43799999999999994,0.375,CIN,0.625,0.75,0,3-3-0,0.5,1.0,2-4-0,0.33299999999999996,0.5,loss,0.0,-1.5,-4.333,1.0,0.875,-4.0,-8.333,-5.8,-1.875
54830,2010,8,BUF,0.375,0.375,KC,0.25,0.125,0,0-6-0,0.0,0.0,4-2-0,0.667,1.0,win,-1.0,6.332999999999999,2.667,6.2,-8.125,-12.833,-12.333,-14.4,-4.25
54829,2010,8,WAS,0.25,0.125,DET,0.125,0.25,0,4-3-0,0.5710000000000001,0.667,1-5-0,0.16699999999999998,0.5,win,1.0,1.0,9.333,2.2,-14.5,-0.429,1.0,-1.2,-4.375
54832,2010,8,CAR,0.5,0.375,STL,0.063,0.0,0,1-5-0,0.16699999999999998,0.0,3-4-0,0.429,0.75,win,0.0,-1.571,-12.0,-1.0,-16.3125,-9.167,-5.332999999999999,-8.4,0.4375
54831,2010,8,GB,0.688,0.625,NYJ,0.563,0.5,0,4-3-0,0.5710000000000001,0.33299999999999996,5-1-0,0.833,0.667,loss,0.0,9.667,12.333,11.8,7.0,4.428999999999999,-0.667,-0.6,10.25
54834,2010,8,TEN,0.5,0.375,SD,0.813,0.75,0,5-2-0,0.7140000000000001,1.0,2-5-0,0.28600000000000003,0.667,win,1.0,4.0,-4.667,2.0,8.375,11.714,17.333,13.0,-3.0
54835,2010,8,MIN,0.75,0.5,NE,0.625,1.0,0,2-4-0,0.33299999999999996,0.0,5-1-0,0.833,1.0,win,0.0,6.832999999999999,11.0,5.4,8.875,-0.833,-3.333,0.0,9.875
54837,2010,8,TB,0.188,0.25,ARI,0.625,0.5,0,4-2-0,0.667,1.0,3-3-0,0.5,1.0,loss,0.0,-10.333,-11.0,-13.2,3.125,-5.0,-7.0,-6.6,-9.75
54836,2010,8,SEA,0.313,0.125,OAK,0.313,0.25,0,4-2-0,0.667,0.33299999999999996,3-4-0,0.429,0.667,win,0.0,2.0,15.0,7.4,-11.375,2.167,-0.667,-2.4,-6.875
54838,2010,8,PIT,0.563,0.375,NO,0.813,0.75,0,5-1-0,0.833,1.0,4-3-0,0.5710000000000001,0.5,win,0.0,1.286,0.667,0.2,10.5625,9.167,5.332999999999999,9.8,2.75
54839,2010,8,HOU,0.563,0.625,IND,0.875,0.875,1,4-2-0,0.667,1.0,4-2-0,0.667,1.0,win,0.33399999999999996,6.332999999999999,3.333,9.6,6.8125,-2.333,-4.333,-4.8,3.4375
54845,2010,9,NYJ,0.563,0.625,DET,0.125,0.25,0,5-2-0,0.7140000000000001,1.0,2-5-0,0.28600000000000003,0.667,loss,0.0,2.571,14.0,5.2,-14.5,7.0,1.3330000000000002,7.2,7.0
54841,2010,9,MIA,0.43799999999999994,0.375,BAL,0.563,0.75,0,4-3-0,0.5710000000000001,1.0,5-2-0,0.7140000000000001,1.0,win,0.0,2.8569999999999998,4.667,4.8,8.125,-2.286,3.333,-5.0,-1.875
54844,2010,9,NE,0.625,0.25,CLE,0.313,0.375,0,6-1-0,0.857,0.667,2-5-0,0.28600000000000003,0.33299999999999996,win,0.0,-3.429,-5.0,-3.8,-8.125,7.2860000000000005,5.332999999999999,10.2,8.875
54846,2010,9,SD,0.813,0.875,HOU,0.563,0.5,0,3-5-0,0.375,0.0,4-3-0,0.5710000000000001,0.5,loss,0.0,-3.8569999999999998,-11.0,-8.0,3.4375,4.5,0.667,5.0,8.375
54842,2010,9,CHI,0.43799999999999994,0.25,BUF,0.375,0.375,0,4-3-0,0.5710000000000001,0.667,0-7-0,0.0,0.0,loss,0.0,-11.429,-5.332999999999999,-9.6,-4.25,1.714,3.667,0.0,-3.0
54847,2010,9,ARI,0.625,0.75,MIN,0.75,1.0,0,3-4-0,0.429,0.25,2-5-0,0.28600000000000003,0.667,win,-1.0,-2.1430000000000002,-3.667,-1.2,9.875,-9.286,-1.6669999999999998,-7.0,3.125
54840,2010,9,TB,0.188,0.25,ATL,0.563,0.75,1,5-2-0,0.7140000000000001,1.0,5-2-0,0.7140000000000001,1.0,win,1.0,5.143,1.0,1.6,2.375,-3.8569999999999998,-7.0,-8.6,-9.75
54843,2010,9,NO,0.813,0.875,CAR,0.5,0.625,1,5-3-0,0.625,0.667,1-6-0,0.14300000000000002,0.25,loss,-0.33399999999999996,-9.286,-8.0,-7.8,0.4375,2.375,7.332999999999999,2.8,10.5625
54848,2010,9,NYG,0.5,0.5,SEA,0.313,0.5,0,5-2-0,0.7140000000000001,0.667,4-3-0,0.5710000000000001,1.0,loss,0.0,-2.4290000000000003,-5.0,-5.0,-6.875,3.1430000000000002,12.667,6.6,-1.5625
54849,2010,9,IND,0.875,0.875,PHI,0.688,0.75,0,5-2-0,0.7140000000000001,0.5,4-3-0,0.5710000000000001,0.33299999999999996,win,0.0,2.1430000000000002,-0.33299999999999996,3.8,5.75,7.2860000000000005,8.667,7.4,6.8125
54850,2010,9,KC,0.25,0.375,OAK,0.313,0.25,1,5-2-0,0.7140000000000001,0.33299999999999996,4-4-0,0.5,0.75,win,0.33399999999999996,5.5,22.333000000000002,13.6,-11.375,5.857,7.0,6.4,-8.125
54851,2010,9,DAL,0.688,0.625,GB,0.688,0.75,0,1-6-0,0.14300000000000002,0.33299999999999996,5-3-0,0.625,0.75,win,1.0,5.0,3.333,1.8,10.25,-4.7139999999999995,-9.0,-4.0,6.9375
54852,2010,9,PIT,0.563,0.375,CIN,0.625,0.75,1,5-2-0,0.7140000000000001,0.75,2-5-0,0.28600000000000003,0.33299999999999996,loss,0.33399999999999996,-2.4290000000000003,-6.0,-1.6,0.875,6.428999999999999,3.0,6.2,2.75
54853,2010,10,BAL,0.563,0.375,ATL,0.563,0.75,0,6-2-0,0.75,0.5,6-2-0,0.75,1.0,win,0.0,5.25,-0.33299999999999996,2.2,2.375,4.5,5.332999999999999,6.6,8.125
54859,2010,10,TEN,0.5,0.375,MIA,0.43799999999999994,0.5,0,5-3-0,0.625,0.75,4-4-0,0.5,0.0,win,-1.0,-4.0,-3.0,-6.6,-1.875,9.25,12.333,7.6,-3.0
54856,2010,10,NYJ,0.563,0.625,CLE,0.313,0.375,0,6-2-0,0.75,1.0,3-5-0,0.375,0.5,loss,0.0,-0.5,5.0,1.6,-8.125,6.5,-0.667,6.2,7.0
54857,2010,10,CIN,0.625,0.5,IND,0.875,0.875,0,2-6-0,0.25,0.25,5-3-0,0.625,1.0,win,0.0,6.125,4.667,4.2,6.8125,-2.875,-7.0,-5.4,0.875
54858,2010,10,HOU,0.563,0.625,JAC,0.43799999999999994,0.625,1,4-4-0,0.5,0.667,4-4-0,0.5,0.5,win,0.33399999999999996,-7.625,-10.333,-3.6,-5.625,-4.125,-5.0,-6.4,3.4375
54855,2010,10,MIN,0.75,0.5,CHI,0.43799999999999994,0.625,1,3-5-0,0.375,0.0,5-3-0,0.625,0.5,win,0.33399999999999996,1.875,-1.0,0.0,-3.0,-1.5,-3.667,-3.4,9.875
54860,2010,10,CAR,0.5,0.375,TB,0.188,0.125,1,1-7-0,0.125,0.0,5-3-0,0.625,0.5,win,-0.33399999999999996,-4.125,-0.667,-4.8,-9.75,-12.0,-12.667,-11.4,0.4375
54854,2010,10,DET,0.125,0.0,BUF,0.375,0.375,0,2-6-0,0.25,0.0,0-8-0,0.0,0.0,win,0.0,-10.375,-3.0,-8.6,-4.25,1.875,0.33299999999999996,7.4,-14.5
54861,2010,10,KC,0.25,0.375,DEN,0.5,0.5,1,5-3-0,0.625,0.25,2-6-0,0.25,0.25,win,-0.33399999999999996,-8.625,-19.0,-13.0,0.125,4.75,7.332999999999999,1.6,-8.125
54862,2010,10,DAL,0.688,0.625,NYG,0.5,0.5,1,1-7-0,0.125,0.25,6-2-0,0.75,0.75,loss,1.0,7.0,16.0,17.2,-1.5625,-8.875,-20.666999999999998,-14.4,6.9375
54956,2010,10,SEA,0.313,0.125,ARI,0.625,0.5,1,4-4-0,0.5,0.25,3-5-0,0.375,0.667,loss,0.33399999999999996,-8.5,-6.0,-7.8,3.125,-6.375,-17.333,-13.2,-6.875
54957,2010,10,STL,0.063,0.125,SF,0.5,0.75,1,4-4-0,0.5,0.0,2-6-0,0.25,0.5,win,0.33399999999999996,-5.125,4.333,1.6,3.0625,-0.125,4.0,-1.8,-16.3125
54958,2010,10,NE,0.625,0.25,PIT,0.563,0.75,0,6-2-0,0.75,0.5,6-2-0,0.75,0.667,loss,0.0,6.375,-1.0,2.4,2.75,3.875,-2.333,4.6,8.875
54959,2010,10,PHI,0.688,0.625,WAS,0.25,0.375,1,5-3-0,0.625,0.75,4-4-0,0.5,0.5,loss,-0.33399999999999996,-1.875,-4.0,-0.8,-4.375,2.125,-0.667,-0.8,5.75
54960,2010,11,CHI,0.43799999999999994,0.25,MIA,0.43799999999999994,0.5,0,6-3-0,0.667,0.75,5-4-0,0.556,0.25,loss,0.0,-2.222,1.3330000000000002,1.2,-1.875,3.222,4.667,5.6,-3.0
54961,2010,11,BAL,0.563,0.375,CAR,0.5,0.625,0,6-3-0,0.667,0.4,1-8-0,0.111,0.2,loss,0.0,-12.333,-18.667,-14.0,0.4375,3.444,4.667,5.0,8.125
54967,2010,11,HOU,0.563,0.625,NYJ,0.563,0.5,0,4-5-0,0.444,0.5,7-2-0,0.778,0.5,win,1.0,6.444,0.0,2.6,7.0,-4.444,-8.667,-9.2,3.4375
54962,2010,11,BUF,0.375,0.375,CIN,0.625,0.75,0,1-8-0,0.111,0.0,2-7-0,0.222,0.25,loss,0.0,-3.222,-6.667000000000001,-6.0,0.875,-9.0,-1.3330000000000002,-3.4,-4.25
54968,2010,11,OAK,0.313,0.375,PIT,0.563,0.75,0,5-4-0,0.556,0.25,6-3-0,0.667,0.5,win,-1.0,4.2219999999999995,-5.667000000000001,0.4,2.75,5.222,26.0,15.6,-11.375
54964,2010,11,CLE,0.313,0.25,JAC,0.43799999999999994,0.625,0,3-6-0,0.33299999999999996,0.25,5-4-0,0.556,0.6,win,-1.0,-6.0,1.0,-2.8,-5.625,-1.111,9.0,-0.2,-8.125
54963,2010,11,DET,0.125,0.0,DAL,0.688,0.75,0,2-7-0,0.222,0.0,2-7-0,0.222,0.0,win,0.0,-6.444,-14.333,-10.4,6.9375,1.444,2.333,7.4,-14.5
54966,2010,11,GB,0.688,0.625,MIN,0.75,1.0,1,6-3-0,0.667,0.5,3-6-0,0.33299999999999996,0.75,loss,0.33399999999999996,-2.889,-7.0,-4.4,9.875,8.667,17.0,9.0,10.25
54970,2010,11,SEA,0.313,0.125,NO,0.813,0.75,0,5-4-0,0.556,0.4,6-3-0,0.667,0.6,win,-1.0,5.556,9.333,8.6,10.5625,-3.667,-15.333,-6.2,-6.875
54969,2010,11,WAS,0.25,0.125,TEN,0.5,0.625,0,4-5-0,0.444,0.5,5-4-0,0.556,0.5,loss,0.0,6.888999999999999,-0.667,6.4,-3.0,-5.111000000000001,-13.333,-8.0,-4.375
54965,2010,11,ARI,0.625,0.75,KC,0.25,0.125,0,3-6-0,0.33299999999999996,0.2,5-4-0,0.556,1.0,win,0.0,2.0,-6.667000000000001,-0.4,-8.125,-9.556000000000001,-8.0,-5.2,3.125
54971,2010,11,ATL,0.563,0.375,STL,0.063,0.0,0,7-2-0,0.778,0.5,4-5-0,0.444,0.8,loss,0.0,-0.444,2.0,-5.8,-16.3125,5.222,6.0,2.8,2.375
54972,2010,11,TB,0.188,0.25,SF,0.5,0.75,0,6-3-0,0.667,0.75,3-6-0,0.33299999999999996,0.6,loss,0.0,-4.2219999999999995,2.667,2.6,3.0625,-2.0,4.0,-2.4,-9.75
54973,2010,11,IND,0.875,0.875,NE,0.625,1.0,0,6-3-0,0.667,0.4,7-2-0,0.778,1.0,win,-1.0,4.888999999999999,1.0,1.8,8.875,6.111000000000001,5.667000000000001,6.0,6.8125
54974,2010,11,NYG,0.5,0.5,PHI,0.688,0.75,1,6-3-0,0.667,0.75,6-3-0,0.667,0.5,win,1.0,5.332999999999999,5.0,6.4,5.75,4.7780000000000005,9.0,11.8,-1.5625
54975,2010,11,DEN,0.5,0.5,SD,0.813,0.75,1,3-6-0,0.33299999999999996,0.25,4-5-0,0.444,0.75,win,0.33399999999999996,4.667,3.667,0.0,8.375,-5.444,-11.0,-10.2,0.125
54976,2010,12,NE,0.625,0.25,DET,0.125,0.25,0,8-2-0,0.8,0.6,2-8-0,0.2,0.5,loss,0.0,-0.3,-7.0,-3.4,-14.5,4.7,-1.3330000000000002,1.8,8.875
54977,2010,12,NO,0.813,0.875,DAL,0.688,0.75,0,7-3-0,0.7,0.75,3-7-0,0.3,0.2,loss,1.0,-4.2,-3.0,-6.6,6.9375,6.5,18.667,13.6,10.5625
54978,2010,12,CIN,0.625,0.5,NYJ,0.563,0.5,0,2-8-0,0.2,0.2,8-2-0,0.8,0.6,win,1.0,6.1,4.0,1.4,7.0,-4.7,-10.0,-9.0,0.875
54985,2010,12,JAC,0.43799999999999994,0.25,NYG,0.5,0.5,0,6-4-0,0.6,0.5,6-4-0,0.6,0.6,win,0.0,3.3,3.667,5.0,-1.5625,-5.0,9.667,-4.0,-5.625
54981,2010,12,PIT,0.563,0.375,BUF,0.375,0.375,0,7-3-0,0.7,0.8,2-8-0,0.2,0.2,loss,0.0,-6.3,5.667000000000001,2.2,-4.25,7.0,8.333,3.2,2.75
54984,2010,12,TEN,0.5,0.375,HOU,0.563,0.5,1,5-5-0,0.5,0.6,4-6-0,0.4,0.4,win,-0.33399999999999996,-4.3,-5.332999999999999,-5.0,3.4375,5.9,-7.667000000000001,4.4,-3.0
54986,2010,12,MIN,0.75,0.5,WAS,0.25,0.375,0,3-7-0,0.3,0.0,5-5-0,0.5,0.4,loss,0.0,-4.3,-13.333,-8.0,-4.375,-5.4,-13.0,-10.6,9.875
54982,2010,12,PHI,0.688,0.625,CHI,0.43799999999999994,0.625,0,7-3-0,0.7,0.8,7-3-0,0.7,0.6,win,-1.0,4.5,11.0,5.4,-3.0,5.8,14.333,7.8,5.75
54979,2010,12,GB,0.688,0.625,ATL,0.563,0.75,0,7-3-0,0.7,0.6,8-2-0,0.8,1.0,win,-1.0,6.4,9.333,4.2,2.375,10.6,25.0,15.2,10.25
54980,2010,12,TB,0.188,0.25,BAL,0.563,0.75,0,7-3-0,0.7,0.8,7-3-0,0.7,1.0,win,0.0,5.5,11.667,7.0,8.125,0.3,10.0,6.8,-9.75
54983,2010,12,CAR,0.5,0.375,CLE,0.313,0.375,0,1-9-0,0.1,0.0,3-7-0,0.3,0.4,win,0.0,-1.4,3.333,1.0,-8.125,-13.5,-23.333000000000002,-15.4,0.4375
54987,2010,12,KC,0.25,0.375,SEA,0.313,0.5,0,6-4-0,0.6,0.2,5-5-0,0.5,0.75,loss,0.0,-4.8,-10.333,-9.8,-6.875,3.6,-1.6669999999999998,4.0,-8.125
54988,2010,12,MIA,0.43799999999999994,0.375,OAK,0.313,0.25,0,5-5-0,0.5,0.8,5-5-0,0.5,0.8,loss,0.0,1.5,0.33299999999999996,7.6,-11.375,-3.6,-6.667000000000001,-2.6,-1.875
54989,2010,12,STL,0.063,0.125,DEN,0.5,0.5,0,4-6-0,0.4,0.0,3-7-0,0.3,0.4,loss,0.0,-7.0,-3.0,-11.6,0.125,-2.1,-3.333,-1.6,-16.3125
54990,2010,12,SD,0.813,0.875,IND,0.875,0.875,0,5-5-0,0.5,0.2,6-4-0,0.6,1.0,loss,0.0,5.2,0.33299999999999996,3.4,6.8125,6.3,11.667,5.8,8.375
54991,2010,12,SF,0.5,0.25,ARI,0.625,0.5,1,3-7-0,0.3,0.0,3-7-0,0.3,0.5,loss,-1.0,-10.4,-13.0,-10.8,3.125,-5.9,-3.333,-1.0,3.0625
54992,2010,13,HOU,0.563,0.625,PHI,0.688,0.75,0,5-6-0,0.455,0.4,7-4-0,0.636,0.6,win,0.0,4.8180000000000005,12.0,4.0,5.75,-2.0909999999999997,3.333,-1.8,3.4375
54998,2010,13,BUF,0.375,0.375,MIN,0.75,1.0,0,2-9-0,0.182,0.2,4-7-0,0.364,0.6,win,0.0,-4.545,-12.667,-9.0,9.875,-6.0,5.667000000000001,2.2,-4.25
54997,2010,13,CLE,0.313,0.25,MIA,0.43799999999999994,0.5,0,4-7-0,0.364,0.2,6-5-0,0.545,0.2,loss,0.0,-1.818,4.0,0.8,-1.875,-1.182,-3.0,4.8,-8.125
55001,2010,13,JAC,0.43799999999999994,0.25,TEN,0.5,0.625,1,6-5-0,0.545,0.4,5-6-0,0.455,0.4,loss,0.33399999999999996,3.545,-11.667,-5.0,-3.0,-4.909,2.333,0.6,-5.625
54996,2010,13,DEN,0.5,0.5,KC,0.25,0.125,1,3-8-0,0.273,0.2,7-4-0,0.636,1.0,win,-0.33399999999999996,4.909,5.332999999999999,3.2,-8.125,-6.636,-1.3330000000000002,-11.4,0.125
54999,2010,13,WAS,0.25,0.125,NYG,0.5,0.5,1,5-6-0,0.455,0.6,7-4-0,0.636,0.667,win,1.0,3.364,-6.332999999999999,4.2,-1.5625,-4.273,-10.667,-8.2,-4.375
54994,2010,13,CHI,0.43799999999999994,0.25,DET,0.125,0.25,1,8-3-0,0.727,0.8,2-9-0,0.182,0.4,loss,-1.0,-2.182,-13.0,-6.0,-14.5,4.545,11.667,7.0,-3.0
54995,2010,13,SF,0.5,0.25,GB,0.688,0.75,0,4-7-0,0.364,0.2,7-4-0,0.636,0.8,win,1.0,9.363999999999999,21.0,15.2,10.25,-3.455,1.0,1.6,3.0625
55000,2010,13,ATL,0.563,0.375,TB,0.188,0.125,1,9-2-0,0.818,0.6,7-4-0,0.636,0.6,loss,-1.0,-0.364,9.667,5.2,-9.75,6.091,8.333,7.6,2.375
54993,2010,13,NO,0.813,0.875,CIN,0.625,0.75,0,8-3-0,0.727,0.8,2-9-0,0.182,0.2,loss,0.0,-5.727,-13.333,-10.8,0.875,6.182,16.333,9.2,10.5625
55002,2010,13,OAK,0.313,0.375,SD,0.813,0.75,1,5-6-0,0.455,0.2,6-5-0,0.545,0.8,loss,0.33399999999999996,7.727,16.333,10.8,8.375,-0.091,-15.0,6.0,-11.375
55004,2010,13,DAL,0.688,0.625,IND,0.875,0.875,0,3-8-0,0.273,0.4,6-5-0,0.545,0.8,loss,0.0,2.727,-6.332999999999999,-1.6,6.8125,-4.091,8.667,-6.0,6.9375
55003,2010,13,STL,0.063,0.125,ARI,0.625,0.5,1,5-6-0,0.455,0.2,3-8-0,0.273,0.4,loss,1.0,-11.364,-19.0,-12.6,3.125,-1.636,-5.667000000000001,-1.6,-16.3125
55005,2010,13,CAR,0.5,0.375,SEA,0.313,0.5,0,1-10-0,0.091,0.0,5-6-0,0.455,0.6,win,0.0,-6.0,-5.0,-15.8,-6.875,-12.364,-13.333,-16.2,0.4375
55006,2010,13,PIT,0.563,0.375,BAL,0.563,0.75,1,8-3-0,0.727,0.833,8-3-0,0.727,1.0,loss,0.0,5.636,8.667,9.0,8.125,6.636,7.332999999999999,3.6,2.75
55007,2010,13,NYJ,0.563,0.625,NE,0.625,1.0,1,9-2-0,0.818,1.0,9-2-0,0.818,1.0,win,-0.5,6.182,12.333,5.4,8.875,7.0,8.333,3.8,7.0
55008,2010,14,IND,0.875,0.875,TEN,0.5,0.625,1,6-6-0,0.5,0.33299999999999996,5-7-0,0.41700000000000004,0.33299999999999996,loss,-1.0,2.333,-11.333,-10.8,-3.0,2.25,-9.333,-4.8,6.8125
55009,2010,14,NE,0.625,0.25,CHI,0.43799999999999994,0.625,0,10-2-0,0.833,0.667,9-3-0,0.75,0.667,loss,0.0,4.5,8.333,8.4,-3.0,9.167,22.0,11.8,8.875
55010,2010,14,CLE,0.313,0.25,BUF,0.375,0.375,0,5-7-0,0.41700000000000004,0.33299999999999996,2-10-0,0.16699999999999998,0.16699999999999998,win,-1.0,-7.5,-3.0,-2.0,-4.25,-0.833,0.0,2.8,-8.125
55011,2010,14,CIN,0.625,0.5,PIT,0.563,0.75,1,2-10-0,0.16699999999999998,0.16699999999999998,9-3-0,0.75,0.6,win,-0.33399999999999996,6.332999999999999,12.667,6.2,2.75,-5.582999999999999,-12.667,-10.0,0.875
55012,2010,14,OAK,0.313,0.375,JAC,0.43799999999999994,0.625,0,6-6-0,0.5,0.33299999999999996,7-5-0,0.583,0.667,win,0.0,-3.583,3.667,7.2,-5.625,1.167,-11.0,0.0,-11.375
55013,2010,14,TB,0.188,0.25,WAS,0.25,0.375,0,7-5-0,0.583,0.667,5-7-0,0.41700000000000004,0.33299999999999996,loss,1.0,-5.917000000000001,-8.333,-13.6,-4.375,-0.667,3.333,3.8,-9.75
55014,2010,14,GB,0.688,0.625,DET,0.125,0.25,1,8-4-0,0.667,0.5,2-10-0,0.16699999999999998,0.33299999999999996,win,-1.0,-2.333,-13.667,-9.2,-14.5,10.083,14.333,18.0,10.25
55016,2010,14,ATL,0.563,0.375,CAR,0.5,0.625,1,10-2-0,0.833,0.667,1-11-0,0.083,0.16699999999999998,loss,-0.33399999999999996,-12.75,-14.0,-17.6,0.4375,5.917000000000001,8.0,7.0,2.375
55017,2010,14,STL,0.063,0.125,NO,0.813,0.75,0,6-6-0,0.5,0.33299999999999996,9-3-0,0.75,0.667,win,1.0,6.0,7.332999999999999,12.6,10.5625,-0.41700000000000004,-0.33299999999999996,1.2,-16.3125
55018,2010,14,SEA,0.313,0.125,SF,0.5,0.75,1,6-6-0,0.5,0.33299999999999996,4-8-0,0.33299999999999996,0.5,win,-0.33399999999999996,-4.667,-6.0,-1.4,3.0625,-4.083,-5.332999999999999,-6.4,-6.875
55020,2010,14,MIA,0.43799999999999994,0.375,NYJ,0.563,0.5,1,6-6-0,0.5,0.833,9-3-0,0.75,0.667,loss,-0.33399999999999996,2.917,-7.667000000000001,-2.8,7.0,-1.9169999999999998,-1.0,-1.4,-1.875
55019,2010,14,DEN,0.5,0.5,ARI,0.625,0.5,0,3-9-0,0.25,0.16699999999999998,3-9-0,0.25,0.33299999999999996,win,0.0,-11.5,-17.333,-14.6,3.125,-6.417000000000001,-9.333,-3.2,0.125
55021,2010,14,KC,0.25,0.375,SD,0.813,0.75,1,8-4-0,0.667,0.33299999999999996,6-6-0,0.5,0.667,win,0.33399999999999996,5.832999999999999,9.333,8.4,8.375,4.833,13.333,3.4,-8.125
55022,2010,14,PHI,0.688,0.625,DAL,0.688,0.75,1,8-4-0,0.667,0.667,4-8-0,0.33299999999999996,0.16699999999999998,loss,1.0,-3.5,5.332999999999999,-1.8,6.9375,5.25,5.0,9.6,5.75
55023,2010,14,BAL,0.563,0.375,HOU,0.563,0.5,0,8-4-0,0.667,0.5,5-7-0,0.41700000000000004,0.5,loss,0.0,-2.75,2.333,-1.2,3.4375,4.917,9.333,7.8,8.125
55015,2010,14,NYG,0.5,0.5,MIN,0.75,1.0,0,8-4-0,0.667,0.6,5-7-0,0.41700000000000004,0.667,loss,1.0,-2.167,0.0,-2.2,9.875,5.083,6.0,7.8,-1.5625
55024,2010,15,SF,0.5,0.25,SD,0.813,0.75,0,5-8-0,0.385,0.16699999999999998,7-6-0,0.5379999999999999,0.7140000000000001,win,0.0,7.769,12.667,13.0,8.375,-2.846,7.332999999999999,0.8,3.0625
55032,2010,15,KC,0.25,0.375,STL,0.063,0.0,0,8-5-0,0.615,0.28600000000000003,6-7-0,0.462,0.667,loss,0.0,-1.7690000000000001,-0.667,-4.4,-16.3125,2.077,-3.0,-2.2,-8.125
55030,2010,15,BUF,0.375,0.375,MIA,0.43799999999999994,0.5,1,3-10-0,0.231,0.16699999999999998,7-6-0,0.5379999999999999,0.16699999999999998,loss,0.33399999999999996,-1.462,5.667000000000001,2.6,-1.875,-6.385,-6.667000000000001,0.0,-4.25
55027,2010,15,CLE,0.313,0.25,CIN,0.625,0.75,1,5-8-0,0.385,0.28600000000000003,2-11-0,0.154,0.16699999999999998,win,0.33399999999999996,-6.385,-12.0,-12.0,0.875,-1.308,-1.0,-2.6,-8.125
55029,2010,15,JAC,0.43799999999999994,0.25,IND,0.875,0.875,1,8-5-0,0.615,0.5,7-6-0,0.5379999999999999,0.667,win,0.33399999999999996,2.231,-7.667000000000001,-4.0,6.8125,-2.7689999999999997,4.667,5.0,-5.625
55034,2010,15,HOU,0.563,0.625,TEN,0.5,0.625,1,5-8-0,0.385,0.33299999999999996,5-8-0,0.385,0.28600000000000003,win,-0.33399999999999996,2.0,-11.0,-9.6,-3.0,-3.0,1.3330000000000002,-1.2,3.4375
55028,2010,15,WAS,0.25,0.125,DAL,0.688,0.75,1,5-8-0,0.385,0.5,4-9-0,0.308,0.14300000000000002,win,0.33399999999999996,-3.4619999999999997,-1.0,5.2,6.9375,-5.537999999999999,-9.667,-11.4,-4.375
55031,2010,15,PHI,0.688,0.625,NYG,0.5,0.5,1,9-4-0,0.6920000000000001,0.7140000000000001,9-4-0,0.6920000000000001,0.7140000000000001,loss,-1.0,6.077000000000001,15.333,4.6,-1.5625,5.077,2.667,9.8,5.75
55026,2010,15,ARI,0.625,0.75,CAR,0.5,0.625,0,4-9-0,0.308,0.16699999999999998,1-12-0,0.077,0.14300000000000002,win,1.0,-13.385,-13.0,-15.6,0.4375,-8.308,-1.3330000000000002,-8.0,3.125
55033,2010,15,DET,0.125,0.0,TB,0.188,0.125,0,3-10-0,0.231,0.0,8-5-0,0.615,0.5,loss,0.0,-0.5379999999999999,-3.333,5.2,-9.75,-1.8459999999999999,-7.0,-7.8,-14.5
55025,2010,15,NO,0.813,0.875,BAL,0.563,0.75,0,10-3-0,0.769,0.833,9-4-0,0.6920000000000001,0.833,win,0.0,5.0,3.333,5.8,8.125,6.922999999999999,8.333,14.2,10.5625
55035,2010,15,ATL,0.563,0.375,SEA,0.313,0.5,0,11-2-0,0.846,0.7140000000000001,6-7-0,0.462,0.667,loss,0.0,-5.231,-6.667000000000001,-3.4,-6.875,7.077000000000001,9.333,10.0,2.375
55037,2010,15,NYJ,0.563,0.625,PIT,0.563,0.75,0,9-4-0,0.6920000000000001,0.833,10-3-0,0.769,0.667,loss,1.0,7.077000000000001,7.332999999999999,8.2,2.75,2.385,-10.0,-4.2,7.0
55036,2010,15,DEN,0.5,0.5,OAK,0.313,0.25,1,3-10-0,0.231,0.14300000000000002,6-7-0,0.462,0.667,win,0.33399999999999996,0.5379999999999999,-2.667,-7.4,-11.375,-8.231,-12.333,-7.6,0.125
55038,2010,15,GB,0.688,0.625,NE,0.625,1.0,0,8-5-0,0.615,0.429,11-2-0,0.846,1.0,win,0.0,10.692,30.666999999999998,21.6,8.875,9.0,3.667,15.4,10.25
55039,2010,15,CHI,0.43799999999999994,0.25,MIN,0.75,1.0,1,9-4-0,0.6920000000000001,0.833,5-8-0,0.385,0.5710000000000001,loss,-0.33399999999999996,-3.385,3.333,-6.4,9.875,1.923,-6.667000000000001,2.0,-3.0
55040,2010,16,CAR,0.5,0.375,PIT,0.563,0.75,0,2-12-0,0.14300000000000002,0.0,10-4-0,0.7140000000000001,0.5710000000000001,win,0.0,6.2139999999999995,4.667,9.8,2.75,-11.929,-10.333,-11.2,0.4375
55041,2010,16,DAL,0.688,0.625,ARI,0.625,0.5,0,5-9-0,0.35700000000000004,0.5,4-10-0,0.28600000000000003,0.429,win,0.0,-8.214,3.333,-5.8,3.125,-3.0,1.0,3.2,6.9375
55043,2010,16,NYJ,0.563,0.625,CHI,0.43799999999999994,0.625,0,10-4-0,0.7140000000000001,0.857,10-4-0,0.7140000000000001,0.5710000000000001,win,0.0,3.6430000000000002,0.33299999999999996,4.4,-3.0,2.571,-13.667,-4.4,7.0
55042,2010,16,NE,0.625,0.25,BUF,0.375,0.375,1,12-2-0,0.857,0.7140000000000001,4-10-0,0.28600000000000003,0.28600000000000003,loss,-1.0,-5.7139999999999995,-4.667,0.2,-4.25,10.214,25.0,19.8,8.875
55044,2010,16,BAL,0.563,0.375,CLE,0.313,0.375,1,10-4-0,0.7140000000000001,0.5710000000000001,5-9-0,0.35700000000000004,0.5,loss,-1.0,-1.357,-2.0,-1.8,-8.125,5.071000000000001,3.0,8.0,8.125
55046,2010,16,TEN,0.5,0.375,KC,0.25,0.125,0,6-8-0,0.429,0.5,9-5-0,0.643,1.0,win,0.0,2.929,-4.333,4.6,-8.125,2.8569999999999998,0.33299999999999996,-4.4,-3.0
55050,2010,16,SEA,0.313,0.125,TB,0.188,0.125,0,6-8-0,0.429,0.28600000000000003,8-6-0,0.5710000000000001,0.429,win,1.0,-0.7140000000000001,-2.0,1.6,-9.75,-6.0,-6.0,-10.2,-6.875
55049,2010,16,SF,0.5,0.25,STL,0.063,0.0,1,5-9-0,0.35700000000000004,0.14300000000000002,6-8-0,0.429,0.5710000000000001,win,-1.0,-2.6430000000000002,-6.332999999999999,-6.6,-16.3125,-4.571000000000001,-8.667,-5.2,3.0625
55047,2010,16,DET,0.125,0.0,MIA,0.43799999999999994,0.5,0,4-10-0,0.28600000000000003,0.14300000000000002,7-7-0,0.5,0.14300000000000002,loss,0.0,-1.571,-0.667,-0.4,-1.875,-1.5,1.0,-6.8,-14.5
55045,2010,16,WAS,0.25,0.125,JAC,0.43799999999999994,0.625,0,5-9-0,0.35700000000000004,0.429,8-6-0,0.5710000000000001,0.7140000000000001,loss,0.0,-3.286,2.667,1.6,-5.625,-5.357,-9.333,-5.8,-4.375
55051,2010,16,HOU,0.563,0.625,DEN,0.5,0.5,0,5-9-0,0.35700000000000004,0.28600000000000003,3-11-0,0.214,0.33299999999999996,win,0.0,-8.786,-16.667,-14.8,0.125,-3.786,-10.0,-2.6,3.4375
55052,2010,16,IND,0.875,0.875,OAK,0.313,0.25,0,8-6-0,0.5710000000000001,0.429,7-7-0,0.5,0.7140000000000001,loss,0.0,1.643,8.0,-4.8,-11.375,2.786,3.0,-3.2,6.8125
55053,2010,16,NYG,0.5,0.5,GB,0.688,0.75,0,9-5-0,0.643,0.667,8-6-0,0.5710000000000001,0.833,win,0.0,8.071,3.333,7.0,10.25,5.143,11.667,5.8,-1.5625
55054,2010,16,SD,0.813,0.875,CIN,0.625,0.75,0,8-6-0,0.5710000000000001,0.33299999999999996,3-11-0,0.214,0.28600000000000003,win,-1.0,-5.7860000000000005,-6.0,-10.4,0.875,9.142999999999999,14.333,17.2,8.375
55055,2010,16,NO,0.813,0.875,ATL,0.563,0.75,1,10-4-0,0.7140000000000001,0.7140000000000001,12-2-0,0.857,1.0,loss,-0.33399999999999996,7.7139999999999995,13.667,12.2,2.375,6.0,5.332999999999999,6.8,10.5625
55048,2010,16,MIN,0.75,0.5,PHI,0.688,0.75,0,5-9-0,0.35700000000000004,0.16699999999999998,10-4-0,0.7140000000000001,0.667,loss,0.0,5.2139999999999995,6.667000000000001,5.0,5.75,-5.0,-6.667000000000001,-8.8,9.875
55064,2010,17,MIA,0.43799999999999994,0.375,NE,0.625,1.0,1,7-8-0,0.467,0.857,13-2-0,0.867,1.0,win,0.33399999999999996,11.6,21.333000000000002,25.4,8.875,-1.933,-2.0,1.4,-1.875
55066,2010,17,BUF,0.375,0.375,NYJ,0.563,0.5,1,4-11-0,0.267,0.28600000000000003,10-5-0,0.667,0.5710000000000001,win,0.33399999999999996,2.133,-1.0,-5.8,7.0,-7.4,-7.0,-9.6,-4.25
55057,2010,17,CIN,0.625,0.5,BAL,0.563,0.75,1,4-11-0,0.267,0.14300000000000002,11-4-0,0.733,0.857,win,-1.0,5.4,7.332999999999999,5.2,8.125,-4.467,0.0,-4.0,0.875
55058,2010,17,PIT,0.563,0.375,CLE,0.313,0.375,1,11-4-0,0.733,0.857,5-10-0,0.33299999999999996,0.429,loss,-0.33399999999999996,-1.933,-6.332999999999999,-3.0,-8.125,7.4,11.667,8.2,2.75
55061,2010,17,JAC,0.43799999999999994,0.25,HOU,0.563,0.5,1,8-7-0,0.5329999999999999,0.429,5-10-0,0.33299999999999996,0.429,win,-1.0,-3.6,-7.0,-2.2,3.4375,-3.267,-2.0,0.2,-5.625
55062,2010,17,TEN,0.5,0.375,IND,0.875,0.875,1,6-9-0,0.4,0.429,9-6-0,0.6,0.7140000000000001,win,1.0,2.9330000000000003,5.667000000000001,-1.6,6.8125,1.3330000000000002,-2.667,-7.8,-3.0
55063,2010,17,OAK,0.313,0.375,KC,0.25,0.125,1,7-8-0,0.467,0.28600000000000003,10-5-0,0.667,1.0,loss,-0.33399999999999996,4.067,1.0,5.0,-8.125,1.2,1.3330000000000002,0.6,-11.375
55067,2010,17,DAL,0.688,0.625,PHI,0.688,0.75,1,5-10-0,0.33299999999999996,0.429,10-5-0,0.667,0.5710000000000001,loss,-0.5,4.2,0.0,1.0,5.75,-2.867,-0.33299999999999996,-0.2,6.9375
55068,2010,17,NYG,0.5,0.5,WAS,0.25,0.375,1,9-6-0,0.6,0.5710000000000001,6-9-0,0.4,0.28600000000000003,loss,-1.0,-4.8,-0.33299999999999996,-5.8,-4.375,2.9330000000000003,-5.667000000000001,2.2,-1.5625
55059,2010,17,MIN,0.75,0.5,DET,0.125,0.25,1,6-9-0,0.4,0.28600000000000003,5-10-0,0.33299999999999996,0.429,win,-1.0,-0.9329999999999999,4.667,-2.2,-14.5,-4.0,-11.333,-1.2,9.875
55060,2010,17,CHI,0.43799999999999994,0.25,GB,0.688,0.75,1,11-4-0,0.733,0.857,9-6-0,0.6,0.857,win,0.5,9.4,6.667000000000001,7.0,10.25,3.667,0.33299999999999996,2.0,-3.0
55056,2010,17,CAR,0.5,0.375,ATL,0.563,0.75,1,2-13-0,0.133,0.0,12-3-0,0.8,0.857,win,0.33399999999999996,7.0,11.333,8.2,2.375,-12.732999999999999,-12.667,-11.2,0.4375
55065,2010,17,TB,0.188,0.25,NO,0.813,0.75,1,9-6-0,0.6,0.7140000000000001,11-4-0,0.733,0.7140000000000001,loss,0.33399999999999996,5.8,5.0,4.4,10.5625,0.867,7.0,2.0,-9.75
55069,2010,17,SD,0.813,0.875,DEN,0.5,0.5,1,8-7-0,0.5329999999999999,0.28600000000000003,4-11-0,0.267,0.429,loss,-0.33399999999999996,-8.133,-15.0,-10.4,0.125,7.6,14.667,10.2,8.375
55070,2010,17,ARI,0.625,0.75,SF,0.5,0.75,1,5-10-0,0.33299999999999996,0.14300000000000002,5-10-0,0.33299999999999996,0.5710000000000001,win,1.0,-4.8,-5.332999999999999,-2.6,3.0625,-7.6,8.0,-2.0,3.125
55071,2010,17,STL,0.063,0.125,SEA,0.313,0.5,1,7-8-0,0.467,0.28600000000000003,6-9-0,0.4,0.5710000000000001,win,0.33399999999999996,-7.132999999999999,-19.333,-11.8,-6.875,-1.933,-8.0,-1.6,-16.3125
