result,gamekey,year,week,away,away_prev_wpct,away_prev_a_wpct,home,home_prev_wpct,home_prev_h_wpct,div_flag,away_record,away_wpct,away_a_wpct,home_record,home_wpct,home_h_wpct,matchup_weight,home_season_pt_dif,home_3game_pt_dif,home_5game_pt_dif,home_prev_season_pt_dif,away_season_pt_dif,away_3game_pt_dif,away_5game_pt_dif,away_prev_season_pt_dif,home_season_turnovers,home_3game_turnovers,home_5game_turnovers,home_prev_season_turnovers,away_season_turnovers,away_3game_turnovers,away_5game_turnovers,away_prev_season_turnovers,home_season_turnover_dif,home_3game_turnover_dif,home_5game_turnover_dif,home_prev_season_turnover_dif,away_season_turnover_dif,away_3game_turnover_dif,away_5game_turnover_dif,away_prev_season_turnover_dif,home_season_3down_pct,home_3game_3down_pct,home_5game_3down_pct,away_season_3down_pct,away_3game_3down_pct,away_5game_3down_pct
win,55970,2013,10,WAS,0.625,0.625,MIN,0.625,0.875,0,3-5-0,0.375,0.25,1-7-0,0.125,0.25,0.0,-8.25,-11.0,-10.2,1.9375,-6.25,-4.667,-3.8,3.0,2.125,1.6669999999999998,1.4,1.4375,2.0,2.333,2.0,0.875,-0.375,-1.0,-0.6,-0.0625,-0.25,0.0,0.0,1.0625,0.366,0.341,0.363,0.428,0.5579999999999999,0.4970000000000001
loss,55971,2013,10,SEA,0.688,0.375,ATL,0.813,0.875,0,8-1-0,0.889,0.8,2-6-0,0.25,0.5,1.0,-5.25,-10.0,-7.8,7.5,9.222,6.667000000000002,4.2,10.4375,1.875,3.0,2.2,1.125,1.6669999999999998,1.6669999999999998,1.8,1.125,-0.875,-1.6669999999999998,-1.4,0.8125,0.667,-0.333,-0.2,0.75,0.416,0.378,0.412,0.375,0.477,0.397
win,55972,2013,10,CIN,0.625,0.75,BAL,0.625,0.75,1,6-3-0,0.667,0.4,3-5-0,0.375,0.667,0.2,-0.5,-3.667,-2.2,3.375,5.667000000000002,13.667,10.2,4.4375,1.625,1.0,2.0,1.0,1.889,1.6669999999999998,1.6,1.625,-0.375,0.333,-0.6,0.5625,-0.444,-0.667,-0.4,0.25,0.376,0.36,0.329,0.4370000000000001,0.482,0.447
loss,55973,2013,10,DET,0.25,0.25,CHI,0.625,0.625,1,5-3-0,0.625,0.5,5-3-0,0.625,0.75,0.2,1.75,3.0,-1.4,6.125,2.5,4.0,1.4,-4.0625,1.375,0.333,1.2,1.5,1.5,1.6669999999999998,1.6,2.0625,1.0,1.3330000000000002,0.4,1.25,0.125,-1.0,-0.4,-1.0,0.37,0.378,0.322,0.395,0.509,0.439
loss,55974,2013,10,PHI,0.25,0.25,GB,0.688,0.875,0,4-5-0,0.444,0.8,5-3-0,0.625,0.75,0.0,5.875,8.0,7.8,6.0625,-0.667,2.333,6.6,-10.25,1.25,0.333,0.6,1.0,1.6669999999999998,2.0,1.4,2.3125,-0.375,0.0,-0.2,0.4375,0.0,-0.333,0.6,-1.5,0.409,0.457,0.4320000000000001,0.396,0.29100000000000004,0.369
loss,55975,2013,10,STL,0.469,0.438,IND,0.688,0.875,0,3-6-0,0.333,0.25,6-2-0,0.75,0.75,0.0,7.375,-0.333,7.8,-1.875,-4.444,-9.0,2.4,-3.0625,0.75,0.667,1.0,1.6875,1.444,2.333,1.4,1.375,0.875,0.333,0.6,-0.75,0.111,-1.6669999999999998,0.4,-0.0625,0.416,0.267,0.369,0.325,0.35,0.38
win,55976,2013,10,OAK,0.25,0.125,NYG,0.563,0.75,0,3-5-0,0.375,0.0,2-6-0,0.25,0.333,0.0,-10.25,6.0,-4.2,5.3125,-6.625,-14.333,-8.6,-9.5625,3.125,1.6669999999999998,2.4,1.3125,1.625,2.667,2.0,1.625,-1.5,0.333,-0.6,0.875,-0.25,-1.6669999999999998,-0.2,-0.5,0.34600000000000003,0.475,0.376,0.353,0.319,0.317
win,55977,2013,10,BUF,0.375,0.25,PIT,0.5,0.625,0,3-6-0,0.333,0.25,2-6-0,0.25,0.333,0.0,-6.5,-8.0,-3.6,1.375,-5.222,-8.667,-8.4,-5.6875,2.125,2.0,1.6,1.875,1.778,2.333,1.8,2.125,-1.375,-0.667,-0.4,-0.625,-0.111,-1.3330000000000002,-1.0,-0.8125,0.3720000000000001,0.412,0.429,0.354,0.389,0.39
loss,55978,2013,10,JAC,0.125,0.125,TEN,0.375,0.5,1,0-8-0,0.0,0.0,4-4-0,0.5,0.5,0.2,0.75,-4.667,0.4,-8.8125,-22.25,-22.0,-22.8,-11.8125,1.125,2.0,1.8,1.75,1.875,1.3330000000000002,2.0,1.5625,0.75,-0.667,0.2,-0.25,-0.875,0.0,-1.0,-0.125,0.399,0.424,0.423,0.289,0.305,0.27
loss,55979,2013,10,CAR,0.438,0.5,SF,0.7190000000000001,0.813,0,5-3-0,0.625,0.5,6-2-0,0.75,0.75,1.0,9.125,19.333,22.6,7.75,12.25,19.0,13.2,-0.375,1.5,1.0,1.0,1.0,1.375,0.667,1.2,1.3125,0.5,1.3330000000000002,1.6,0.5625,1.0,2.0,1.4,0.125,0.402,0.484,0.443,0.459,0.403,0.442
win,55980,2013,10,HOU,0.75,0.75,ARI,0.313,0.5,0,2-6-0,0.25,0.25,4-4-0,0.5,0.75,0.0,-1.75,-3.333,1.8,-6.6875,-9.375,-9.667,-12.6,5.3125,2.25,2.333,2.6,2.125,2.0,1.6669999999999998,2.4,1.0625,0.125,0.333,0.4,-0.0625,-1.375,-1.0,-1.6,0.75,0.303,0.339,0.29,0.3670000000000001,0.382,0.375
loss,55981,2013,10,DEN,0.813,0.75,SD,0.438,0.375,1,7-1-0,0.875,0.667,4-4-0,0.5,0.667,-0.334,2.25,7.332999999999998,4.2,0.0,15.625,11.333,13.8,12.0,1.5,0.667,1.6,1.625,2.125,3.333,2.4,1.5625,-0.75,0.333,-0.8,0.125,-0.125,-0.667,-0.4,-0.0625,0.462,0.472,0.439,0.515,0.395,0.5
win,55982,2013,10,DAL,0.5,0.5,NO,0.438,0.5,0,5-4-0,0.556,0.25,6-2-0,0.75,1.0,1.0,8.75,3.0,7.6,0.4375,5.332999999999998,5.667000000000002,5.8,-1.5,1.125,1.3330000000000002,1.0,1.5,1.222,1.0,1.2,1.8125,0.75,0.0,0.8,0.125,1.111,2.0,1.4,-0.8125,0.411,0.366,0.387,0.375,0.3,0.397
win,55983,2013,10,MIA,0.438,0.25,TB,0.438,0.375,0,4-4-0,0.5,0.5,0-8-0,0.0,0.0,0.0,-8.25,-9.667,-8.6,-0.3125,-1.625,-3.333,-6.8,-1.8125,1.25,0.667,1.2,1.4375,1.875,2.333,2.2,1.625,0.375,0.667,0.4,0.1875,0.0,-0.333,-0.4,-0.625,0.377,0.371,0.38,0.369,0.305,0.287
loss,55984,2013,11,IND,0.688,0.5,TEN,0.375,0.5,1,6-3-0,0.667,0.75,4-5-0,0.444,0.4,-0.6000000000000001,0.444,-3.0,-5.0,-8.8125,3.222,-7.0,-5.0,-1.875,1.444,2.667,2.6,1.75,1.222,2.0,1.8,1.6875,0.444,-1.3330000000000002,-1.0,-0.25,0.333,-0.667,-0.6,-0.75,0.417,0.499,0.423,0.389,0.256,0.31
win,55985,2013,11,NYJ,0.375,0.375,BUF,0.375,0.5,1,5-4-0,0.556,0.25,3-7-0,0.3,0.4,-0.6000000000000001,-6.0,-13.667,-8.4,-5.6875,-6.8889999999999985,-10.333,-8.4,-5.875,1.7,2.333,1.8,2.125,1.889,1.0,1.0,2.3125,-0.1,-2.0,-0.8,-0.8125,-1.222,0.333,0.0,-0.875,0.34,0.302,0.37,0.379,0.403,0.406
win,55986,2013,11,BAL,0.625,0.5,CHI,0.625,0.625,0,4-5-0,0.444,0.2,5-4-0,0.556,0.6,0.0,1.3330000000000002,0.333,-0.2,6.125,-0.111,-2.0,-1.0,3.375,1.3330000000000002,0.667,0.6,1.5,1.778,1.6669999999999998,1.6,1.0,0.889,0.333,0.6,1.25,-0.333,0.0,-0.2,0.5625,0.374,0.364,0.389,0.355,0.375,0.329
win,55987,2013,11,CLE,0.313,0.125,CIN,0.625,0.5,1,4-5-0,0.444,0.25,6-4-0,0.6,1.0,0.2,4.8,11.667,8.2,4.4375,-2.778,-6.0,-3.8,-4.125,2.0,2.667,1.8,1.625,1.3330000000000002,1.0,1.0,1.625,-0.4,-0.667,-0.4,0.25,-0.111,-0.333,-0.2,0.1875,0.42,0.436,0.419,0.324,0.302,0.335
loss,55988,2013,11,OAK,0.25,0.125,HOU,0.75,0.75,0,3-6-0,0.333,0.0,2-7-0,0.222,0.25,-1.0,-8.667,-2.333,-12.6,5.3125,-6.332999999999998,-10.0,-7.4,-9.5625,1.889,0.667,2.0,1.0625,1.6669999999999998,2.333,2.0,1.625,-1.0,1.0,-1.0,0.75,-0.111,-0.667,0.2,-0.5,0.368,0.379,0.379,0.332,0.28600000000000003,0.29100000000000004
loss,55989,2013,11,ARI,0.313,0.125,JAC,0.125,0.125,0,5-4-0,0.556,0.25,1-8-0,0.111,0.0,0.0,-19.556,-16.0,-15.6,-11.8125,-1.222,1.6669999999999998,1.8,-6.6875,1.889,1.3330000000000002,1.8,1.5625,2.333,2.0,2.6,2.125,-0.556,0.333,-0.2,-0.125,-0.111,0.333,0.0,-0.0625,0.284,0.27,0.28300000000000003,0.303,0.311,0.33
win,55990,2013,11,SD,0.438,0.5,MIA,0.438,0.625,0,4-5-0,0.444,0.4,4-5-0,0.444,0.5,-1.0,-1.778,-3.667,-3.2,-1.8125,1.111,1.3330000000000002,0.8,0.0,1.778,1.6669999999999998,1.6,1.625,1.3330000000000002,0.667,1.4,1.625,0.0,0.333,0.2,-0.625,-0.556,0.333,-0.6,0.125,0.365,0.339,0.287,0.459,0.451,0.444
win,55991,2013,11,WAS,0.625,0.625,PHI,0.25,0.25,1,3-6-0,0.333,0.2,5-5-0,0.5,0.0,0.2,0.8,11.667,6.4,-10.25,-6.332999999999998,-8.333,-7.2,3.0,1.6,1.3330000000000002,1.6,2.3125,1.778,2.0,1.8,0.875,0.1,0.333,0.0,-1.5,-0.111,0.333,0.0,1.0625,0.393,0.338,0.34700000000000003,0.443,0.5660000000000001,0.547
win,55992,2013,11,DET,0.25,0.25,PIT,0.5,0.625,0,6-3-0,0.667,0.6,3-6-0,0.333,0.5,0.0,-4.333,-4.667,0.4,1.375,2.444,0.0,0.2,-4.0625,2.0,2.0,1.4,1.875,1.444,1.6669999999999998,1.2,2.0625,-1.222,-0.333,0.0,-0.625,0.111,-1.3330000000000002,-0.6,-1.0,0.383,0.374,0.416,0.398,0.458,0.482
win,55993,2013,11,ATL,0.813,0.75,TB,0.438,0.375,1,2-7-0,0.222,0.0,1-8-0,0.111,0.2,-0.2,-7.0,-6.0,-7.4,-0.3125,-7.222,-20.333,-11.0,7.5,1.222,0.667,0.8,1.4375,1.778,3.0,2.2,1.125,0.333,0.667,0.4,0.1875,-0.889,-2.0,-1.4,0.8125,0.363,0.35600000000000004,0.353,0.407,0.378,0.393
win,55994,2013,11,KC,0.125,0.125,DEN,0.813,0.875,1,9-0-0,1.0,1.0,8-1-0,0.889,1.0,0.6000000000000001,14.778,8.667,9.0,12.0,11.556,5.667000000000002,8.6,-13.375,2.0,2.667,2.6,1.5625,0.889,0.667,1.0,2.3125,-0.222,-0.667,-0.6,-0.0625,1.6669999999999998,1.0,1.2,-1.5,0.5,0.34,0.45,0.348,0.408,0.319
win,55995,2013,11,SF,0.7190000000000001,0.625,NO,0.438,0.5,0,6-3-0,0.667,0.75,7-2-0,0.778,1.0,-1.0,11.333,14.667,9.8,0.4375,8.0,15.0,17.6,7.75,1.111,1.0,1.0,1.5,1.556,1.0,1.0,1.0,0.556,0.0,0.0,0.125,0.444,0.667,1.6,0.5625,0.449,0.4970000000000001,0.444,0.375,0.44,0.394
win,55996,2013,11,MIN,0.625,0.375,SEA,0.688,1.0,0,2-7-0,0.222,0.0,9-1-0,0.9,1.0,1.0,10.6,10.333,10.0,10.4375,-6.556,-3.333,-10.2,1.9375,1.5,1.0,1.4,1.125,2.0,1.0,1.6,1.4375,0.7,0.0,0.0,0.75,-0.444,-0.667,-1.2,-0.0625,0.397,0.483,0.483,0.392,0.412,0.411
win,55997,2013,11,GB,0.688,0.5,NYG,0.563,0.75,0,5-4-0,0.556,0.5,3-6-0,0.333,0.5,0.334,-8.667,9.333,1.4,5.3125,3.667,-2.667,2.4,6.0625,3.111,1.6669999999999998,2.4,1.3125,1.3330000000000002,1.0,1.0,1.0,-1.444,1.0,-0.8,0.875,-0.444,-0.667,-0.4,0.4375,0.363,0.43,0.462,0.412,0.424,0.4320000000000001
win,55998,2013,11,NE,0.75,0.75,CAR,0.438,0.375,0,7-2-0,0.778,0.5,6-3-0,0.667,0.75,0.0,11.0,14.333,16.6,-0.375,6.556,10.333,5.4,14.125,1.444,1.3330000000000002,0.8,1.3125,1.111,1.0,1.2,1.0,0.889,1.0,1.6,0.125,1.0,1.3330000000000002,1.0,1.5625,0.454,0.467,0.441,0.336,0.289,0.256
loss,55999,2013,12,NO,0.438,0.375,ATL,0.813,0.875,1,8-2-0,0.8,0.5,2-8-0,0.2,0.4,-0.6000000000000001,-7.8,-20.0,-13.2,7.5,10.5,9.667,8.8,0.4375,1.9,2.667,2.6,1.125,1.3,2.0,1.6,1.5,-1.1,-2.0,-1.8,0.8125,0.3,-1.6669999999999998,-0.6,0.125,0.38,0.292,0.322,0.447,0.484,0.455
win,56000,2013,12,NYJ,0.375,0.375,BAL,0.625,0.75,0,5-5-0,0.5,0.2,4-6-0,0.4,0.75,1.0,-0.4,-2.0,-2.2,3.375,-8.5,-19.0,-13.4,-5.875,1.8,2.333,1.6,1.0,2.1,2.0,1.8,2.3125,-0.5,-1.0,-0.2,0.5625,-1.5,-1.0,-1.0,-0.875,0.364,0.35700000000000004,0.343,0.36,0.289,0.333
loss,56001,2013,12,PIT,0.5,0.375,CLE,0.313,0.5,1,4-6-0,0.4,0.2,4-6-0,0.4,0.6,-0.6000000000000001,-4.6,-7.0,-10.6,-4.125,-2.9,-0.333,-0.2,1.375,1.6,2.0,1.8,1.625,1.8,1.3330000000000002,1.4,1.875,-0.3,-0.667,-0.8,0.1875,-0.8,0.333,0.2,-0.625,0.314,0.246,0.297,0.382,0.41,0.416
loss,56002,2013,12,TB,0.438,0.5,DET,0.25,0.25,0,2-8-0,0.2,0.0,6-4-0,0.6,0.75,1.0,1.2,-2.333,0.8,-4.0625,-5.0,4.333,-2.6,-0.3125,1.6,2.667,1.8,2.0625,1.1,0.333,0.6,1.4375,-0.2,-2.333,-1.2,-1.0,0.6,2.0,1.0,0.1875,0.395,0.355,0.464,0.354,0.35200000000000004,0.327
tie,56003,2013,12,MIN,0.625,0.375,GB,0.688,0.875,1,2-8-0,0.2,0.0,5-5-0,0.5,0.6,0.6659999999999999,1.9,-11.667,-0.8,6.0625,-8.0,-6.0,-9.4,1.9375,1.5,2.0,1.2,1.0,2.2,2.333,2.0,1.4375,-0.6,-1.3330000000000002,-0.6,0.4375,-0.8,-2.0,-1.6,-0.0625,0.396,0.266,0.412,0.388,0.447,0.396
loss,56004,2013,12,JAC,0.125,0.125,HOU,0.75,0.75,1,1-9-0,0.1,0.2,2-8-0,0.2,0.2,0.6000000000000001,-8.3,-3.667,-7.4,5.3125,-18.9,-14.333,-15.4,-11.8125,1.9,1.0,1.6,1.0625,1.9,1.6669999999999998,1.6,1.5625,-1.1,0.0,-0.6,0.75,-0.7,0.0,0.0,-0.125,0.344,0.31,0.329,0.27,0.226,0.262
loss,56005,2013,12,SD,0.438,0.5,KC,0.125,0.125,1,4-6-0,0.4,0.333,9-1-0,0.9,1.0,-0.6000000000000001,9.4,2.0,4.8,-13.375,0.6,-6.0,2.0,0.0,0.9,0.333,0.8,2.3125,1.3,1.0,0.6,1.625,1.5,1.3330000000000002,1.0,-1.5,-0.5,0.0,0.4,0.125,0.344,0.355,0.364,0.45,0.378,0.444
loss,56006,2013,12,CAR,0.438,0.5,MIA,0.438,0.625,0,7-3-0,0.7,0.6,5-5-0,0.5,0.6,0.0,-1.2,1.0,-1.8,-1.8125,10.3,9.667,12.4,-0.375,1.7,1.0,1.8,1.625,1.3,1.3330000000000002,0.8,1.3125,0.0,1.0,-0.2,-0.625,1.0,1.3330000000000002,1.6,0.125,0.348,0.249,0.29,0.481,0.57,0.47
win,56007,2013,12,CHI,0.625,0.625,STL,0.469,0.5,0,6-4-0,0.6,0.5,4-6-0,0.4,0.4,-1.0,-1.0,6.0,5.6,-3.0625,1.5,2.667,2.0,6.125,1.4,1.6669999999999998,1.6,1.375,1.2,0.333,0.4,1.5,0.5,0.667,0.6,-0.0625,1.0,1.0,1.2,1.25,0.34,0.403,0.389,0.375,0.409,0.386
win,56008,2013,12,IND,0.688,0.5,ARI,0.313,0.5,0,7-3-0,0.7,0.8,6-4-0,0.6,0.8,0.0,0.2,10.0,1.2,-6.6875,3.2,-8.0,-5.6,-1.875,2.1,1.3330000000000002,2.0,2.125,1.1,1.6669999999999998,1.4,1.6875,0.1,1.0,0.2,-0.0625,0.4,-1.0,-0.4,-0.75,0.304,0.304,0.326,0.396,0.312,0.28600000000000003
loss,56009,2013,12,TEN,0.375,0.25,OAK,0.25,0.375,0,4-6-0,0.4,0.5,4-6-0,0.4,0.6,0.0,-5.2,-9.333,-8.4,-9.5625,0.1,0.667,-3.8,-8.8125,1.5,1.3330000000000002,2.0,1.625,1.4,2.333,2.2,1.75,0.1,0.333,-0.4,-0.5,0.3,-1.0,-1.0,-0.25,0.327,0.259,0.28,0.429,0.561,0.475
loss,56010,2013,12,DAL,0.5,0.5,NYG,0.563,0.75,1,5-5-0,0.5,0.2,4-6-0,0.4,0.6,0.2,-6.4,8.667,7.2,5.3125,1.6,-9.667,0.0,-1.5,2.9,1.6669999999999998,1.8,1.3125,1.1,0.333,0.8,1.8125,-1.1,1.0,0.4,0.875,1.1,2.0,1.6,-0.8125,0.355,0.402,0.442,0.338,0.196,0.264
win,56011,2013,12,DEN,0.813,0.75,NE,0.75,0.75,0,9-1-0,0.9,0.75,7-3-0,0.7,1.0,0.5,5.5,10.0,6.0,14.125,14.3,14.0,10.4,12.0,1.2,1.3330000000000002,1.2,1.0,1.9,2.0,2.4,1.5625,0.7,0.667,0.6,1.5625,-0.2,0.0,-0.6,-0.0625,0.35200000000000004,0.428,0.34,0.487,0.361,0.387
loss,56012,2013,12,SF,0.7190000000000001,0.625,WAS,0.625,0.625,0,6-4-0,0.6,0.6,3-7-0,0.3,0.5,-1.0,-6.5,-3.0,-5.8,3.0,6.9,9.333,10.8,7.75,1.8,1.0,1.8,0.875,1.5,1.3330000000000002,1.2,1.0,-0.3,0.0,-0.2,1.0625,0.6,0.667,1.2,0.5625,0.446,0.58,0.541,0.377,0.407,0.401
win,56013,2013,13,GB,0.688,0.5,DET,0.25,0.25,1,5-5-1,0.5,0.4,6-5-0,0.545,0.6,-1.0,0.818,-3.667,-2.6,-4.0625,1.727,-9.333,-4.4,6.0625,1.909,3.0,2.6,2.0625,1.364,1.6669999999999998,1.2,1.0,-0.636,-2.667,-2.4,-1.0,-0.455,-0.667,-0.6,0.4375,0.408,0.442,0.456,0.377,0.292,0.342
win,56014,2013,13,OAK,0.25,0.125,DAL,0.5,0.5,0,4-7-0,0.364,0.2,6-5-0,0.545,0.8,0.0,1.727,-8.333,-2.4,-1.5,-5.091,-1.0,-5.8,-9.5625,1.091,0.667,0.8,1.8125,1.545,1.3330000000000002,1.8,1.625,1.0,0.667,1.4,-0.8125,-0.091,0.333,-0.4,-0.5,0.34,0.24,0.253,0.325,0.248,0.287
win,56015,2013,13,PIT,0.5,0.375,BAL,0.625,0.75,1,5-6-0,0.455,0.333,5-6-0,0.455,0.8,0.2,1.091,5.332999999999998,1.4,3.375,-1.182,13.0,2.4,1.375,1.727,2.0,1.6,1.0,1.636,0.333,1.2,1.875,-0.273,0.0,0.0,0.5625,-0.364,2.333,1.2,-0.625,0.35200000000000004,0.28800000000000003,0.36,0.373,0.377,0.35700000000000004
win,56016,2013,13,TB,0.438,0.5,CAR,0.438,0.375,1,3-8-0,0.273,0.2,8-3-0,0.727,0.8,0.2,9.727,3.0,10.2,-0.375,-4.273,6.332999999999998,-0.4,-0.3125,1.273,1.0,1.0,1.3125,1.0,0.333,0.4,1.4375,0.909,0.667,1.0,0.125,1.0,2.667,2.0,0.1875,0.47,0.4970000000000001,0.496,0.348,0.27,0.326
loss,56017,2013,13,JAC,0.125,0.125,CLE,0.313,0.5,0,2-9-0,0.182,0.333,4-7-0,0.364,0.5,1.0,-5.636,-10.333,-11.0,-4.125,-16.545,-1.3330000000000002,-10.8,-11.8125,1.818,3.0,2.2,1.625,1.727,1.3330000000000002,1.2,1.5625,-0.636,-1.6669999999999998,-1.4,0.1875,-0.545,0.333,0.0,-0.125,0.317,0.281,0.29600000000000004,0.28300000000000003,0.268,0.273
win,56018,2013,13,TEN,0.375,0.25,IND,0.688,0.875,1,5-6-0,0.455,0.6,7-4-0,0.636,0.6,0.6000000000000001,0.273,-18.667,-9.4,-1.875,0.455,-0.333,-1.6,-8.8125,1.091,2.0,1.4,1.6875,1.273,1.6669999999999998,1.8,1.75,0.273,-1.3330000000000002,-0.4,-0.75,0.455,-0.333,-0.6,-0.25,0.395,0.338,0.32299999999999995,0.441,0.552,0.519
loss,56019,2013,13,DEN,0.813,0.75,KC,0.125,0.125,1,9-2-0,0.818,0.6,9-2-0,0.818,0.833,-0.6000000000000001,8.273,-1.0,0.8,-13.375,12.727,5.0,6.6,12.0,1.0,1.0,1.0,2.3125,2.091,2.0,2.6,1.5625,1.182,0.333,0.2,-1.5,-0.273,-0.667,-0.6,-0.0625,0.343,0.29100000000000004,0.373,0.488,0.417,0.379
win,56020,2013,13,CHI,0.625,0.625,MIN,0.625,0.875,1,6-5-0,0.545,0.4,2-8-1,0.227,0.4,-0.6000000000000001,-7.273,-4.667,-6.2,1.9375,-0.545,-6.667000000000002,-3.4,6.125,2.091,2.0,1.6,1.4375,1.364,1.3330000000000002,1.0,1.5,-0.818,-2.0,-1.4,-0.0625,0.636,-0.333,0.0,1.25,0.387,0.444,0.393,0.396,0.466,0.415
loss,56021,2013,13,MIA,0.438,0.25,NYJ,0.375,0.375,1,5-6-0,0.455,0.4,5-6-0,0.455,0.8,0.2,-9.182,-11.0,-14.0,-5.875,-1.455,-1.0,-2.2,-1.8125,2.182,2.333,2.0,2.3125,1.636,1.0,1.4,1.625,-1.545,-1.3330000000000002,-1.0,-0.875,0.0,0.0,0.2,-0.625,0.335,0.184,0.295,0.339,0.261,0.294
win,56022,2013,13,ARI,0.313,0.125,PHI,0.25,0.25,0,7-4-0,0.636,0.4,6-5-0,0.545,0.2,-1.0,1.455,17.0,5.8,-10.25,2.818,15.0,9.4,-6.6875,1.455,0.333,1.4,2.3125,1.909,1.0,1.2,2.125,0.273,1.6669999999999998,0.4,-1.5,0.182,0.333,0.8,-0.0625,0.385,0.35700000000000004,0.309,0.322,0.371,0.349
loss,56023,2013,13,ATL,0.813,0.75,BUF,0.375,0.5,0,2-9-0,0.182,0.0,4-7-0,0.364,0.5,0.0,-3.364,0.0,-3.2,-5.6875,-7.455,-13.333,-15.6,7.5,1.545,1.3330000000000002,1.6,2.125,1.818,1.6669999999999998,2.6,1.125,0.273,0.333,0.0,-0.8125,-1.091,-1.6669999999999998,-2.0,0.8125,0.348,0.314,0.36,0.391,0.325,0.355
win,56024,2013,13,STL,0.469,0.438,SF,0.7190000000000001,0.813,1,5-6-0,0.455,0.4,7-4-0,0.636,0.6,0.4,8.182,5.667000000000002,12.6,7.75,1.0,14.667,4.8,-3.0625,1.455,1.3330000000000002,1.0,1.0,1.273,1.0,1.6,1.375,0.545,0.667,0.8,0.5625,0.727,2.333,0.4,-0.0625,0.369,0.28,0.401,0.345,0.417,0.383
loss,56025,2013,13,NE,0.75,0.75,HOU,0.75,0.75,0,8-3-0,0.727,0.4,2-9-0,0.182,0.16699999999999998,-1.0,-8.182,-5.0,-3.8,5.3125,5.273,7.667000000000002,6.0,14.125,1.818,1.3330000000000002,1.0,1.0625,1.364,2.0,1.6,1.0,-1.091,-0.333,0.0,0.75,0.727,0.333,0.6,1.5625,0.337,0.256,0.306,0.359,0.504,0.359
loss,56026,2013,13,CIN,0.625,0.75,SD,0.438,0.375,0,7-4-0,0.636,0.333,5-6-0,0.455,0.5,0.0,0.818,-3.0,0.6,0.0,6.273,5.332999999999998,11.8,4.4375,1.182,0.333,0.6,1.625,2.0,3.0,2.0,1.625,-0.273,1.0,0.6,0.125,-0.182,-0.333,0.0,0.25,0.451,0.423,0.4370000000000001,0.388,0.278,0.35600000000000004
loss,56027,2013,13,NYG,0.563,0.375,WAS,0.625,0.625,1,4-7-0,0.364,0.2,3-8-0,0.273,0.4,0.2,-7.818,-12.0,-10.8,3.0,-6.091,5.0,7.8,5.3125,1.727,1.0,1.8,0.875,2.727,1.6669999999999998,1.4,1.3125,-0.273,-0.333,-0.2,1.0625,-1.0,0.333,1.0,0.875,0.429,0.434,0.487,0.34600000000000003,0.345,0.365
win,56028,2013,13,NO,0.438,0.375,SEA,0.688,1.0,0,9-2-0,0.818,0.6,10-1-0,0.909,1.0,1.0,11.545,15.667,12.8,10.4375,9.909,13.0,10.2,0.4375,1.364,1.0,1.0,1.125,1.182,1.3330000000000002,1.2,1.5,1.0,0.667,0.8,0.75,0.364,-0.667,-0.2,0.125,0.394,0.544,0.479,0.455,0.5720000000000001,0.491
win,56029,2013,14,HOU,0.75,0.75,JAC,0.125,0.125,1,2-10-0,0.16699999999999998,0.2,3-9-0,0.25,0.0,-0.6000000000000001,-14.833,-0.667,-6.4,-11.8125,-7.75,-5.0,-4.2,5.3125,1.6669999999999998,1.0,1.2,1.5625,1.75,1.3330000000000002,1.0,1.0625,-0.333,0.333,0.6,-0.125,-1.0,-1.0,-0.2,0.75,0.29600000000000004,0.331,0.306,0.34700000000000003,0.282,0.33
win,56030,2013,14,MIN,0.625,0.375,BAL,0.625,0.75,0,3-8-1,0.292,0.083,6-6-0,0.5,0.833,0.0,1.167,5.0,2.4,3.375,-6.417000000000002,-6.0,-3.0,1.9375,1.5830000000000002,1.0,1.6,1.0,2.0,2.0,1.8,1.4375,-0.25,0.0,-0.2,0.5625,-0.75,-1.6669999999999998,-1.4,-0.0625,0.3720000000000001,0.421,0.378,0.374,0.322,0.39
win,56031,2013,14,IND,0.688,0.5,CIN,0.625,0.5,0,8-4-0,0.667,0.667,8-4-0,0.667,1.0,1.0,6.332999999999998,8.333,12.6,4.4375,0.917,-6.0,-9.0,-1.875,2.0,2.333,2.4,1.625,1.083,0.667,1.4,1.6875,-0.083,1.0,0.2,0.25,0.5,1.0,-0.2,-0.75,0.397,0.278,0.376,0.38,0.354,0.307
win,56032,2013,14,CLE,0.313,0.125,NE,0.75,0.75,0,4-8-0,0.333,0.2,9-3-0,0.75,1.0,0.0,5.083,0.667,7.2,14.125,-5.5,-13.667,-8.2,-4.125,1.3330000000000002,2.0,1.6,1.0,1.917,3.667,2.6,1.625,0.667,-0.333,0.6,1.5625,-0.75,-2.667,-1.6,0.1875,0.364,0.449,0.426,0.326,0.335,0.304
win,56033,2013,14,OAK,0.25,0.125,NYJ,0.375,0.375,0,4-8-0,0.333,0.16699999999999998,5-7-0,0.417,0.667,-1.0,-10.083,-19.667,-18.6,-5.875,-5.25,-2.0,-7.8,-9.5625,2.25,3.333,2.4,2.3125,1.5830000000000002,1.3330000000000002,1.6,1.625,-1.5830000000000002,-2.667,-1.4,-0.875,-0.16699999999999998,-0.333,-0.4,-0.5,0.321,0.14400000000000002,0.224,0.342,0.3720000000000001,0.32299999999999995
win,56034,2013,14,CAR,0.438,0.5,NO,0.438,0.5,1,9-3-0,0.75,0.667,9-3-0,0.75,1.0,-0.2,6.832999999999998,-6.667000000000002,1.2,0.4375,10.667,9.667,10.8,-0.375,1.167,1.3330000000000002,1.4,1.5,1.3330000000000002,1.0,1.4,1.3125,0.25,-0.667,-1.0,0.125,0.833,0.667,0.8,0.125,0.451,0.456,0.478,0.463,0.488,0.49
win,56035,2013,14,DET,0.25,0.25,PHI,0.25,0.25,0,7-5-0,0.583,0.5,7-5-0,0.583,0.333,-1.0,1.5830000000000002,8.333,9.2,-10.25,3.25,5.667000000000002,4.0,-4.0625,1.3330000000000002,0.333,0.8,2.3125,2.083,4.0,3.4,2.0625,0.5,2.0,1.2,-1.5,-0.667,-3.0,-2.6,-1.0,0.379,0.328,0.327,0.436,0.5529999999999999,0.47
loss,56036,2013,14,MIA,0.438,0.25,PIT,0.5,0.625,0,6-6-0,0.5,0.5,5-7-0,0.417,0.6,0.0,-1.25,8.0,2.6,1.375,0.333,6.667000000000002,3.8,-1.8125,1.5,0.0,0.8,1.875,1.5830000000000002,1.0,1.0,1.625,-0.333,2.333,1.0,-0.625,0.16699999999999998,0.667,1.0,-0.625,0.387,0.4,0.411,0.34700000000000003,0.29600000000000004,0.287
win,56037,2013,14,BUF,0.375,0.25,TB,0.438,0.375,0,4-8-0,0.333,0.2,3-9-0,0.25,0.333,0.0,-5.667000000000002,-1.6669999999999998,-1.0,-0.3125,-3.333,2.333,-4.2,-5.6875,1.083,0.667,0.6,1.4375,1.5830000000000002,1.0,1.8,2.125,0.917,2.667,2.2,0.1875,0.16699999999999998,1.0,-0.6,-0.8125,0.327,0.22,0.28800000000000003,0.35200000000000004,0.345,0.34600000000000003
loss,56038,2013,14,KC,0.125,0.125,WAS,0.625,0.625,0,9-3-0,0.75,0.8,3-9-0,0.25,0.333,0.0,-7.75,-12.0,-7.4,3.0,7.0,-6.667000000000002,-0.8,-13.375,1.6669999999999998,1.3330000000000002,1.0,0.875,1.0,1.3330000000000002,0.8,2.3125,-0.25,-0.667,0.0,1.0625,1.167,-0.333,0.6,-1.5,0.42,0.35,0.464,0.34600000000000003,0.342,0.35700000000000004
win,56039,2013,14,TEN,0.375,0.25,DEN,0.813,0.875,0,5-7-0,0.417,0.5,10-2-0,0.833,1.0,-1.0,12.25,4.667,9.2,12.0,-0.25,-2.333,-0.4,-8.8125,2.083,2.333,2.4,1.5625,1.5,1.6669999999999998,2.2,1.75,-0.333,-0.667,-0.4,-0.0625,0.16699999999999998,-0.667,-0.8,-0.25,0.495,0.482,0.431,0.438,0.5,0.528
win,56040,2013,14,STL,0.469,0.438,ARI,0.313,0.5,1,5-7-0,0.417,0.333,7-5-0,0.583,0.833,-0.2,2.333,13.0,11.2,-6.6875,0.083,13.667,5.8,-3.0625,2.0,1.0,1.4,2.125,1.25,0.667,1.2,1.375,-0.083,0.0,0.2,-0.0625,0.667,2.333,1.0,-0.0625,0.32299999999999995,0.382,0.349,0.342,0.392,0.383
win,56041,2013,14,NYG,0.563,0.375,SD,0.438,0.375,0,5-7-0,0.417,0.333,5-7-0,0.417,0.4,0.0,0.16699999999999998,-2.667,-4.4,0.0,-5.0,6.0,6.0,5.3125,1.3330000000000002,1.3330000000000002,1.2,1.625,2.583,1.0,1.4,1.3125,-0.333,0.333,0.2,0.125,-0.917,0.667,0.6,0.875,0.452,0.431,0.413,0.345,0.29,0.358
win,56042,2013,14,SEA,0.688,0.375,SF,0.7190000000000001,0.813,1,11-1-0,0.917,0.833,8-4-0,0.667,0.667,0.0,8.333,9.333,11.8,7.75,12.833,23.667,15.8,10.4375,1.4169999999999998,1.0,1.2,1.0,1.25,0.0,0.6,1.125,0.5,0.667,0.4,0.5625,1.0,2.0,1.0,0.75,0.366,0.34,0.368,0.403,0.488,0.463
win,56043,2013,14,ATL,0.813,0.75,GB,0.688,0.875,0,3-9-0,0.25,0.16699999999999998,5-6-1,0.458,0.583,1.0,-0.917,-14.667,-13.0,6.0625,-6.582999999999998,-4.667,-12.2,7.5,1.5,2.0,1.8,1.0,1.75,1.6669999999999998,2.0,1.125,-0.333,0.0,-0.4,0.4375,-0.917,-1.0,-1.2,0.8125,0.362,0.213,0.237,0.405,0.4,0.386
win,56044,2013,14,DAL,0.5,0.5,CHI,0.625,0.625,0,7-5-0,0.583,0.333,6-6-0,0.5,0.667,1.0,-0.75,-7.0,-3.2,6.125,2.167,-7.332999999999998,-3.8,-1.5,1.3330000000000002,1.3330000000000002,1.0,1.5,1.083,0.667,0.6,1.8125,0.583,-0.333,0.0,1.25,1.0,0.667,1.4,-0.8125,0.378,0.389,0.402,0.35700000000000004,0.301,0.298
loss,56045,2013,15,SD,0.438,0.5,DEN,0.813,0.875,1,6-7-0,0.462,0.429,11-2-0,0.846,1.0,0.6659999999999999,13.077,9.0,9.0,12.0,1.923,6.332999999999998,1.4,0.0,1.923,2.0,1.6,1.5625,1.308,1.3330000000000002,1.0,1.625,-0.154,0.0,-0.2,-0.0625,-0.154,1.0,0.8,0.125,0.487,0.485,0.441,0.469,0.532,0.48
win,56046,2013,15,WAS,0.625,0.625,ATL,0.813,0.875,0,3-10-0,0.231,0.16699999999999998,3-10-0,0.231,0.333,1.0,-6.154,-0.667,-7.6,7.5,-9.846,-21.0,-15.6,3.0,1.769,1.3330000000000002,1.6,1.125,1.692,1.3330000000000002,1.2,0.875,-0.846,0.0,-0.8,0.8125,-0.308,-0.333,-0.4,1.0625,0.409,0.506,0.399,0.403,0.26,0.363
loss,56047,2013,15,CHI,0.625,0.625,CLE,0.313,0.5,0,7-6-0,0.5379999999999999,0.333,4-9-0,0.308,0.429,0.0,-5.154,-7.0,-7.2,-4.125,0.615,-2.333,-1.2,6.125,1.769,2.333,2.4,1.625,1.231,1.3330000000000002,1.0,1.5,-0.5379999999999999,-1.3330000000000002,-1.0,0.1875,0.5379999999999999,-1.0,-0.2,1.25,0.337,0.416,0.348,0.405,0.503,0.461
win,56048,2013,15,HOU,0.75,0.75,IND,0.688,0.875,1,2-11-0,0.154,0.16699999999999998,8-5-0,0.615,0.667,0.2,-0.231,-11.667,-12.4,-1.875,-7.692,-5.667000000000002,-5.0,5.3125,1.0,0.667,1.4,1.6875,1.769,1.3330000000000002,1.4,1.0625,0.462,0.667,-0.2,-0.75,-1.077,-1.0,-0.6,0.75,0.366,0.266,0.28600000000000003,0.35600000000000004,0.398,0.339
loss,56049,2013,15,BUF,0.375,0.25,JAC,0.125,0.125,0,4-9-0,0.308,0.16699999999999998,4-9-0,0.308,0.16699999999999998,-1.0,-13.154000000000002,6.0,1.4,-11.8125,-4.692,-0.333,-4.8,-5.6875,1.538,0.333,1.0,1.5625,1.846,2.333,2.2,2.125,-0.154,1.6669999999999998,1.0,-0.125,-0.077,0.0,-0.6,-0.8125,0.295,0.379,0.306,0.332,0.304,0.287
win,56050,2013,15,NE,0.75,0.75,MIA,0.438,0.625,1,10-3-0,0.769,0.5,7-6-0,0.5379999999999999,0.5,-1.0,0.769,7.332999999999998,4.6,-1.8125,4.769,2.333,5.4,14.125,1.538,1.0,1.0,1.625,1.385,2.0,1.8,1.0,0.154,0.667,0.4,-0.625,0.462,-0.333,-0.2,1.5625,0.359,0.396,0.344,0.3670000000000001,0.415,0.466
win,56051,2013,15,PHI,0.25,0.25,MIN,0.625,0.875,0,8-5-0,0.615,0.833,3-9-1,0.269,0.5,0.0,-6.154,0.0,-2.8,1.9375,2.5380000000000003,8.333,13.6,-10.25,1.923,1.0,1.6,1.4375,1.308,0.333,0.4,2.3125,-0.5379999999999999,0.333,-0.8,-0.0625,0.615,2.333,2.0,-1.5,0.368,0.301,0.3720000000000001,0.369,0.29,0.327
loss,56052,2013,15,SEA,0.688,0.375,NYG,0.563,0.75,0,11-2-0,0.846,0.7140000000000001,5-8-0,0.385,0.5,-1.0,-6.385,-6.332999999999998,-0.2,5.3125,11.692,15.333,14.4,10.4375,2.615,1.6669999999999998,1.8,1.3125,1.231,0.333,0.8,1.125,-1.0,-0.667,-0.2,0.875,0.923,1.6669999999999998,0.6,0.75,0.34700000000000003,0.319,0.349,0.404,0.4270000000000001,0.51
win,56053,2013,15,NO,0.438,0.375,STL,0.469,0.5,0,10-3-0,0.769,0.5,5-8-0,0.385,0.5,1.0,-1.462,-3.0,2.8,-3.0625,7.692,-1.6669999999999998,6.0,0.4375,1.308,1.0,1.2,1.375,1.077,0.333,1.0,1.5,0.5379999999999999,0.667,1.2,-0.0625,0.231,0.0,-0.6,0.125,0.337,0.327,0.3670000000000001,0.461,0.507,0.54
loss,56054,2013,15,SF,0.7190000000000001,0.625,TB,0.438,0.375,0,9-4-0,0.6920000000000001,0.667,4-9-0,0.308,0.429,-1.0,-3.615,1.0,3.8,-0.3125,7.846,11.0,5.8,7.75,1.154,1.3330000000000002,1.0,1.4375,1.385,1.0,1.2,1.0,1.077,2.667,2.2,0.1875,0.462,0.0,0.4,0.5625,0.32299999999999995,0.218,0.235,0.3670000000000001,0.335,0.312
loss,56055,2013,15,ARI,0.313,0.125,TEN,0.375,0.5,0,8-5-0,0.615,0.333,5-8-0,0.385,0.333,0.0,-2.0,-9.0,-6.4,-8.8125,3.692,15.333,12.4,-6.6875,1.538,2.0,2.2,1.75,1.923,1.3330000000000002,1.4,2.125,0.0,-1.0,-1.2,-0.25,0.0,-0.333,-0.2,-0.0625,0.421,0.393,0.456,0.342,0.468,0.403
win,56056,2013,15,NYJ,0.375,0.375,CAR,0.438,0.375,0,6-7-0,0.462,0.16699999999999998,9-4-0,0.6920000000000001,0.833,0.0,8.462,2.333,2.4,-0.375,-8.538,-8.667,-8.6,-5.875,1.231,1.0,1.0,1.3125,2.154,2.333,2.2,2.3125,0.769,0.0,0.4,0.125,-1.462,-1.3330000000000002,-1.2,-0.875,0.458,0.379,0.455,0.337,0.263,0.251
loss,56057,2013,15,KC,0.125,0.125,OAK,0.25,0.375,1,10-3-0,0.769,0.833,4-9-0,0.308,0.5,0.2,-5.615,-7.0,-4.0,-9.5625,9.154,8.333,5.0,-13.375,1.538,1.6669999999999998,1.4,1.625,1.0,1.3330000000000002,1.0,2.3125,-0.154,-1.0,0.0,-0.5,1.154,0.0,0.6,-1.5,0.342,0.39,0.32299999999999995,0.334,0.3,0.28800000000000003
loss,56058,2013,15,GB,0.688,0.5,DAL,0.5,0.5,0,6-6-1,0.5,0.333,7-6-0,0.5379999999999999,0.833,0.0,0.6920000000000001,-2.333,-7.0,-1.5,-0.769,-9.667,-11.4,6.0625,1.0,0.667,0.6,1.8125,1.538,1.6669999999999998,2.0,1.0,0.923,0.333,0.6,-0.8125,-0.308,0.667,-0.2,0.4375,0.368,0.467,0.35200000000000004,0.37,0.285,0.309
win,56059,2013,15,CIN,0.625,0.75,PIT,0.5,0.625,1,9-4-0,0.6920000000000001,0.429,5-8-0,0.385,0.5,0.2,-1.615,2.667,6.2,1.375,6.922999999999999,14.0,7.4,4.4375,1.462,0.333,0.4,1.875,1.846,1.3330000000000002,2.2,1.625,-0.308,1.3330000000000002,1.4,-0.625,-0.077,1.0,0.0,0.25,0.402,0.469,0.451,0.405,0.35700000000000004,0.3670000000000001
loss,56060,2013,15,BAL,0.625,0.5,DET,0.25,0.25,0,7-6-0,0.5379999999999999,0.16699999999999998,7-6-0,0.5379999999999999,0.667,0.0,1.923,4.333,1.0,-4.0625,1.308,7.0,4.2,3.375,2.154,4.0,3.2,2.0625,1.692,1.3330000000000002,1.8,1.0,-0.769,-2.667,-2.2,-1.0,-0.385,0.0,-0.4,0.5625,0.428,0.539,0.482,0.3720000000000001,0.398,0.365
win,56061,2013,16,MIA,0.438,0.25,BUF,0.375,0.5,1,8-6-0,0.5710000000000001,0.5710000000000001,5-9-0,0.35700000000000004,0.429,-0.2,-3.857,-5.667000000000002,-1.4,-5.6875,1.0,10.0,6.0,-1.8125,1.857,3.0,2.0,2.125,1.5,1.0,1.0,1.625,0.071,-0.667,0.4,-0.8125,0.14300000000000002,0.667,0.4,-0.625,0.336,0.292,0.302,0.36,0.434,0.35
win,56062,2013,16,NO,0.438,0.375,CAR,0.438,0.375,1,10-4-0,0.7140000000000001,0.429,10-4-0,0.7140000000000001,0.857,-0.2,8.571,4.333,4.2,-0.375,6.357,-6.667000000000002,-2.6,0.4375,1.143,0.667,0.6,1.3125,1.214,1.3330000000000002,1.4,1.5,0.7859999999999999,0.333,0.6,0.125,0.0,-1.3330000000000002,-1.0,0.125,0.458,0.413,0.464,0.452,0.439,0.457
win,56063,2013,16,MIN,0.625,0.375,CIN,0.625,0.5,0,4-9-1,0.321,0.071,9-5-0,0.643,1.0,0.0,5.714,3.667,5.8,4.4375,-4.4289999999999985,6.0,-0.6,1.9375,1.786,1.0,1.6,1.625,1.857,1.0,1.6,1.4375,-0.071,0.333,0.6,0.25,-0.5,0.667,-0.6,-0.0625,0.397,0.429,0.324,0.386,0.381,0.375
loss,56064,2013,16,DEN,0.813,0.75,HOU,0.75,0.75,0,11-3-0,0.7859999999999999,0.667,2-12-0,0.14300000000000002,0.14300000000000002,1.0,-8.714,-10.667,-8.8,5.3125,11.643,7.667000000000002,6.0,12.0,1.786,1.6669999999999998,1.6,1.0625,1.857,1.0,1.6,1.5625,-1.071,-1.0,-1.2,0.75,-0.214,0.0,-0.2,-0.0625,0.355,0.42,0.33,0.468,0.393,0.411
loss,56065,2013,16,TEN,0.375,0.25,JAC,0.125,0.125,1,5-9-0,0.35700000000000004,0.429,4-10-0,0.28600000000000003,0.14300000000000002,0.2,-12.714,1.3330000000000002,-0.4,-11.8125,-2.071,-11.333,-6.6,-8.8125,1.714,1.6669999999999998,1.4,1.5625,1.643,3.0,2.0,1.75,-0.28600000000000003,0.667,0.2,-0.125,-0.214,-2.667,-1.4,-0.25,0.312,0.419,0.362,0.4270000000000001,0.374,0.445
loss,56066,2013,16,IND,0.688,0.5,KC,0.125,0.125,0,9-5-0,0.643,0.5710000000000001,11-3-0,0.7859999999999999,0.7140000000000001,-0.334,10.286,17.667,8.0,-13.375,1.357,5.332999999999998,-2.0,-1.875,1.0,1.0,1.2,2.3125,1.0,0.667,0.6,1.6875,1.5,2.667,1.2,-1.5,0.5,1.3330000000000002,0.8,-0.75,0.342,0.337,0.33,0.364,0.249,0.319
win,56067,2013,16,CLE,0.313,0.125,NYJ,0.375,0.375,0,4-10-0,0.28600000000000003,0.16699999999999998,6-8-0,0.429,0.7140000000000001,0.0,-8.642999999999999,-6.667000000000002,-11.8,-5.875,-5.2860000000000005,-4.0,-9.8,-4.125,2.071,1.6669999999999998,2.4,2.3125,1.786,1.6669999999999998,2.6,1.625,-1.429,-1.0,-1.8,-0.875,-0.429,0.333,-1.0,0.1875,0.35100000000000003,0.413,0.301,0.337,0.41,0.361
win,56068,2013,16,CHI,0.625,0.625,PHI,0.25,0.25,0,8-6-0,0.5710000000000001,0.429,8-6-0,0.5710000000000001,0.429,-1.0,1.071,-0.333,4.2,-10.25,1.071,7.0,0.6,6.125,1.286,0.667,0.6,2.3125,1.357,1.3330000000000002,1.4,1.5,0.5710000000000001,1.6669999999999998,1.6,-1.5,0.429,-0.333,-0.4,1.25,0.379,0.354,0.34700000000000003,0.422,0.517,0.507
win,56069,2013,16,TB,0.438,0.5,STL,0.469,0.5,0,4-10-0,0.28600000000000003,0.16699999999999998,6-8-0,0.429,0.5710000000000001,1.0,-0.5710000000000001,-6.332999999999998,6.4,-3.0625,-4.714,-6.332999999999998,-0.6,-0.3125,1.214,1.0,0.8,1.375,1.214,2.0,1.2,1.4375,0.7140000000000001,0.667,1.8,-0.0625,0.857,0.333,1.8,0.1875,0.348,0.36,0.39,0.307,0.156,0.205
loss,56070,2013,16,DAL,0.5,0.5,WAS,0.625,0.625,1,7-7-0,0.5,0.28600000000000003,3-11-0,0.214,0.28600000000000003,-0.2,-9.214,-14.333,-14.4,3.0,0.5710000000000001,-3.667,-8.0,-1.5,2.071,3.333,2.6,0.875,1.071,1.0,0.8,1.8125,-0.643,-2.0,-1.6,1.0625,0.7859999999999999,0.0,0.2,-0.8125,0.41,0.338,0.35,0.35700000000000004,0.42,0.325
loss,56071,2013,16,NYG,0.563,0.375,DET,0.25,0.25,0,5-9-0,0.35700000000000004,0.28600000000000003,7-7-0,0.5,0.5710000000000001,0.0,1.643,4.667,0.2,-4.0625,-7.5710000000000015,-13.0,-5.6,5.3125,2.214,3.333,3.6,2.0625,2.786,3.0,2.2,1.3125,-0.929,-2.0,-2.8,-1.0,-1.214,-2.0,-0.8,0.875,0.42,0.464,0.46,0.329,0.269,0.269
loss,56072,2013,16,ARI,0.313,0.125,SEA,0.688,1.0,1,9-5-0,0.643,0.429,12-2-0,0.857,1.0,0.2,12.5,16.0,18.4,10.4375,3.643,6.667000000000002,12.4,-6.6875,1.214,0.667,0.4,1.125,1.786,1.3330000000000002,0.8,2.125,1.143,1.6669999999999998,2.0,0.75,0.214,0.333,0.8,-0.0625,0.392,0.383,0.422,0.353,0.468,0.443
loss,56073,2013,16,PIT,0.5,0.375,GB,0.688,0.875,0,6-8-0,0.429,0.28600000000000003,7-6-1,0.536,0.643,0.0,-0.643,-9.333,-8.4,6.0625,-0.7859999999999999,0.667,5.6,1.375,1.5,2.0,1.8,1.0,1.429,0.667,0.4,1.875,-0.214,0.667,0.2,0.4375,-0.28600000000000003,0.0,1.4,-0.625,0.382,0.402,0.329,0.388,0.44,0.396
win,56074,2013,16,OAK,0.25,0.125,SD,0.438,0.375,1,4-10-0,0.28600000000000003,0.14300000000000002,7-7-0,0.5,0.5,0.2,2.286,7.667000000000002,4.4,0.0,-7.0,-14.0,-8.2,-9.5625,1.214,1.3330000000000002,1.0,1.625,1.929,3.333,2.4,1.625,-0.071,0.667,0.8,0.125,-0.5710000000000001,-2.333,-1.4,-0.5,0.471,0.5429999999999999,0.4920000000000001,0.353,0.457,0.39
loss,56075,2013,16,NE,0.75,0.75,BAL,0.625,0.75,0,10-4-0,0.7140000000000001,0.429,8-6-0,0.5710000000000001,0.857,0.334,1.357,2.333,4.0,3.375,4.143,0.0,-0.2,14.125,1.571,1.0,1.2,1.0,1.357,1.3330000000000002,1.8,1.0,-0.14300000000000002,0.333,0.2,0.5625,0.429,-0.667,-0.6,1.5625,0.366,0.416,0.385,0.378,0.449,0.455
win,56076,2013,16,ATL,0.813,0.75,SF,0.7190000000000001,0.813,0,4-10-0,0.28600000000000003,0.14300000000000002,10-4-0,0.7140000000000001,0.7140000000000001,1.0,8.642999999999999,10.333,9.8,7.75,-5.643,1.0,-2.8,7.5,1.286,0.667,0.8,1.0,1.786,1.6669999999999998,1.8,1.125,0.5710000000000001,0.667,0.8,0.5625,-0.429,2.0,0.4,0.8125,0.37,0.373,0.361,0.406,0.458,0.404
loss,56077,2013,17,CAR,0.438,0.5,ATL,0.813,0.875,1,11-4-0,0.733,0.5710000000000001,4-11-0,0.267,0.429,0.2,-5.933,-3.333,-2.2,7.5,8.267000000000001,-1.3330000000000002,4.2,-0.375,1.8,2.0,1.6,1.125,1.133,0.333,0.8,1.3125,-0.5329999999999999,1.0,0.6,0.8125,0.8,0.667,0.4,0.125,0.414,0.451,0.482,0.4270000000000001,0.285,0.319
loss,56078,2013,17,GB,0.688,0.5,CHI,0.625,0.625,1,7-7-1,0.5,0.429,8-7-0,0.5329999999999999,0.7140000000000001,-0.6000000000000001,-1.867,-6.332999999999998,-8.6,6.125,-1.067,-1.6669999999999998,-7.0,6.0625,1.4,1.6669999999999998,1.8,1.5,1.533,1.6669999999999998,1.6,1.0,0.333,-0.667,-1.0,1.25,-0.2,0.333,0.6,0.4375,0.417,0.5760000000000001,0.502,0.385,0.478,0.364
win,56079,2013,17,BAL,0.625,0.5,CIN,0.625,0.5,1,8-7-0,0.5329999999999999,0.28600000000000003,10-5-0,0.667,1.0,-0.6000000000000001,7.2,10.667,12.0,4.4375,-1.0,-9.667,-2.2,3.375,1.733,0.667,1.2,1.625,1.733,2.333,1.6,1.0,0.133,1.0,1.2,0.25,-0.4,-1.0,-0.2,0.5625,0.408,0.452,0.386,0.365,0.339,0.3670000000000001
loss,56080,2013,17,PHI,0.25,0.25,DAL,0.5,0.5,1,9-6-0,0.6,0.7140000000000001,8-7-0,0.5329999999999999,0.7140000000000001,0.2,0.6,-5.667000000000002,-1.4,-1.5,3.867,13.0,10.0,-10.25,1.133,1.3330000000000002,1.2,1.8125,1.267,1.0,0.6,2.3125,0.667,-0.667,-0.2,-0.8125,0.6,1.0,1.6,-1.5,0.36,0.374,0.405,0.391,0.435,0.385
win,56081,2013,17,JAC,0.125,0.125,IND,0.688,0.875,1,4-11-0,0.267,0.429,10-5-0,0.667,0.7140000000000001,-0.2,2.333,8.0,0.6,-1.875,-12.133,-1.3330000000000002,1.4,-11.8125,0.933,0.333,0.6,1.6875,1.6669999999999998,1.6669999999999998,1.2,1.5625,0.733,1.6669999999999998,1.4,-0.75,-0.267,0.0,0.6,-0.125,0.365,0.307,0.304,0.31,0.364,0.388
loss,56082,2013,17,NYJ,0.375,0.375,MIA,0.438,0.625,1,7-8-0,0.467,0.14300000000000002,8-7-0,0.5329999999999999,0.5710000000000001,0.2,-0.333,-3.0,1.4,-1.8125,-7.332999999999998,3.667,-5.0,-5.875,1.533,1.3330000000000002,1.2,1.625,1.933,0.667,1.6,2.3125,0.067,-0.333,0.2,-0.625,-1.2,0.333,-0.6,-0.875,0.345,0.336,0.339,0.3720000000000001,0.579,0.398
win,56083,2013,17,DET,0.25,0.25,MIN,0.625,0.875,1,7-8-0,0.467,0.429,4-10-1,0.3,0.5710000000000001,-0.2,-6.0,-4.333,-2.0,1.9375,1.3330000000000002,-6.332999999999998,1.6,-4.0625,2.0,2.0,1.6,1.4375,2.267,3.0,3.6,2.0625,-0.667,-0.333,-0.4,-0.0625,-0.933,-2.0,-2.4,-1.0,0.36,0.303,0.304,0.423,0.371,0.479
win,56084,2013,17,BUF,0.375,0.25,NE,0.75,0.75,1,6-9-0,0.4,0.28600000000000003,11-4-0,0.733,1.0,0.6000000000000001,6.132999999999999,10.333,7.4,14.125,-2.333,1.6669999999999998,5.0,-5.6875,1.267,1.0,1.4,1.0,1.8,2.667,2.0,2.125,0.667,0.667,0.6,1.5625,0.133,0.0,0.6,-0.8125,0.374,0.412,0.417,0.338,0.281,0.333
win,56085,2013,17,TB,0.438,0.5,NO,0.438,0.5,1,4-11-0,0.267,0.14300000000000002,10-5-0,0.667,1.0,0.6000000000000001,5.667000000000002,1.0,-4.0,0.4375,-5.067,-2.667,-5.2,-0.3125,1.267,1.6669999999999998,1.2,1.5,1.267,2.0,1.6,1.4375,-0.067,-1.3330000000000002,-0.8,0.125,0.8,0.333,1.2,0.1875,0.44,0.398,0.426,0.305,0.218,0.208
win,56086,2013,17,WAS,0.625,0.625,NYG,0.563,0.75,1,3-12-0,0.2,0.14300000000000002,6-9-0,0.4,0.429,-0.2,-6.867000000000001,-14.333,-7.8,5.3125,-8.667,-12.333,-13.0,3.0,2.733,3.333,2.4,1.3125,2.0,3.333,2.4,0.875,-1.067,-1.6669999999999998,-1.0,0.875,-0.5329999999999999,-1.6669999999999998,-1.0,1.0625,0.331,0.276,0.282,0.412,0.379,0.344
win,56087,2013,17,CLE,0.313,0.125,PIT,0.5,0.625,1,4-11-0,0.267,0.14300000000000002,7-8-0,0.467,0.5710000000000001,0.6000000000000001,-0.267,3.667,5.0,1.375,-5.667000000000002,-6.332999999999998,-7.8,-4.125,1.467,1.3330000000000002,0.8,1.875,1.8,1.3330000000000002,2.2,1.625,-0.267,0.0,0.8,-0.625,-0.5329999999999999,0.333,-1.0,0.1875,0.375,0.328,0.361,0.342,0.406,0.4
win,56088,2013,17,HOU,0.75,0.75,TEN,0.375,0.5,1,2-13-0,0.133,0.14300000000000002,6-9-0,0.4,0.28600000000000003,-0.6000000000000001,-1.6669999999999998,-7.332999999999998,-5.2,-8.8125,-9.733,-17.667,-12.6,5.3125,1.6,2.0,2.0,1.75,1.8,2.0,1.6,1.0625,-0.2,-1.6669999999999998,-1.2,-0.25,-1.133,-1.6669999999999998,-1.2,0.75,0.414,0.318,0.382,0.35600000000000004,0.393,0.38
loss,56089,2013,17,SF,0.7190000000000001,0.625,ARI,0.313,0.5,1,11-4-0,0.733,0.7140000000000001,10-5-0,0.667,0.857,-0.6000000000000001,3.867,10.0,11.2,-6.6875,8.732999999999999,10.333,12.4,7.75,1.933,1.6669999999999998,1.6,2.125,1.2,0.333,0.6,1.0,0.067,0.667,0.0,-0.0625,0.667,1.3330000000000002,0.8,0.5625,0.35100000000000003,0.462,0.444,0.375,0.41,0.37
loss,56090,2013,17,DEN,0.813,0.75,OAK,0.25,0.375,1,12-3-0,0.8,0.7140000000000001,4-11-0,0.267,0.429,-0.6000000000000001,-7.4,-16.0,-11.8,-9.5625,12.467,13.333,8.8,12.0,1.933,3.333,2.8,1.625,1.733,0.333,1.4,1.5625,-0.467,-1.6669999999999998,-1.6,-0.5,-0.067,1.0,0.2,-0.0625,0.35,0.38,0.396,0.449,0.263,0.3720000000000001
win,56091,2013,17,KC,0.125,0.125,SD,0.438,0.375,1,11-4-0,0.733,0.857,8-7-0,0.5329999999999999,0.5710000000000001,0.6000000000000001,3.0,14.333,7.8,0.0,8.533,14.667,6.8,-13.375,1.3330000000000002,1.3330000000000002,1.4,1.625,1.2,2.0,1.8,2.3125,-0.133,0.667,0.6,0.125,1.133,1.0,0.4,-1.5,0.476,0.5710000000000001,0.528,0.327,0.25,0.294
win,56092,2013,17,STL,0.469,0.438,SEA,0.688,1.0,1,7-8-0,0.467,0.28600000000000003,12-3-0,0.8,0.857,0.6000000000000001,11.2,4.667,12.4,10.4375,0.133,0.333,2.4,-3.0625,1.267,1.3330000000000002,0.8,1.125,1.267,1.3330000000000002,1.0,1.375,1.2,2.0,2.2,0.75,0.667,0.667,1.0,-0.0625,0.376,0.267,0.333,0.354,0.401,0.382
win,55837,2013,1,BAL,0.625,0.5,DEN,0.813,0.875,0,0-0-0,0.0,0.0,0-0-0,0.0,0.0,0.0,0.0,0.0,0.0,12.0,0.0,0.0,0.0,3.375,0.0,0.0,0.0,1.5625,0.0,0.0,0.0,1.0,0.0,0.0,0.0,-0.0625,0.0,0.0,0.0,0.5625,0.0,0.0,0.0,0.0,0.0,0.0
loss,55838,2013,1,NE,0.75,0.75,BUF,0.375,0.5,1,0-0-0,0.0,0.0,0-0-0,0.0,0.0,-0.6000000000000001,0.0,0.0,0.0,-5.6875,0.0,0.0,0.0,14.125,0.0,0.0,0.0,2.125,0.0,0.0,0.0,1.0,0.0,0.0,0.0,-0.8125,0.0,0.0,0.0,1.5625,0.0,0.0,0.0,0.0,0.0,0.0
loss,55839,2013,1,SEA,0.688,0.375,CAR,0.438,0.375,0,0-0-0,0.0,0.0,0-0-0,0.0,0.0,-1.0,0.0,0.0,0.0,-0.375,0.0,0.0,0.0,10.4375,0.0,0.0,0.0,1.3125,0.0,0.0,0.0,1.125,0.0,0.0,0.0,0.125,0.0,0.0,0.0,0.75,0.0,0.0,0.0,0.0,0.0,0.0
win,55840,2013,1,CIN,0.625,0.75,CHI,0.625,0.625,0,0-0-0,0.0,0.0,0-0-0,0.0,0.0,0.0,0.0,0.0,0.0,6.125,0.0,0.0,0.0,4.4375,0.0,0.0,0.0,1.5,0.0,0.0,0.0,1.625,0.0,0.0,0.0,1.25,0.0,0.0,0.0,0.25,0.0,0.0,0.0,0.0,0.0,0.0
loss,55841,2013,1,MIA,0.438,0.25,CLE,0.313,0.5,0,0-0-0,0.0,0.0,0-0-0,0.0,0.0,1.0,0.0,0.0,0.0,-4.125,0.0,0.0,0.0,-1.8125,0.0,0.0,0.0,1.625,0.0,0.0,0.0,1.625,0.0,0.0,0.0,0.1875,0.0,0.0,0.0,-0.625,0.0,0.0,0.0,0.0,0.0,0.0
win,55842,2013,1,MIN,0.625,0.375,DET,0.25,0.25,1,0-0-0,0.0,0.0,0-0-0,0.0,0.0,-0.2,0.0,0.0,0.0,-4.0625,0.0,0.0,0.0,1.9375,0.0,0.0,0.0,2.0625,0.0,0.0,0.0,1.4375,0.0,0.0,0.0,-1.0,0.0,0.0,0.0,-0.0625,0.0,0.0,0.0,0.0,0.0,0.0
win,55843,2013,1,OAK,0.25,0.125,IND,0.688,0.875,0,0-0-0,0.0,0.0,0-0-0,0.0,0.0,0.0,0.0,0.0,0.0,-1.875,0.0,0.0,0.0,-9.5625,0.0,0.0,0.0,1.6875,0.0,0.0,0.0,1.625,0.0,0.0,0.0,-0.75,0.0,0.0,0.0,-0.5,0.0,0.0,0.0,0.0,0.0,0.0
loss,55844,2013,1,KC,0.125,0.125,JAC,0.125,0.125,0,0-0-0,0.0,0.0,0-0-0,0.0,0.0,0.0,0.0,0.0,0.0,-11.8125,0.0,0.0,0.0,-13.375,0.0,0.0,0.0,1.5625,0.0,0.0,0.0,2.3125,0.0,0.0,0.0,-0.125,0.0,0.0,0.0,-1.5,0.0,0.0,0.0,0.0,0.0,0.0
win,55846,2013,1,TB,0.438,0.5,NYJ,0.375,0.375,0,0-0-0,0.0,0.0,0-0-0,0.0,0.0,0.0,0.0,0.0,0.0,-5.875,0.0,0.0,0.0,-0.3125,0.0,0.0,0.0,2.3125,0.0,0.0,0.0,1.4375,0.0,0.0,0.0,-0.875,0.0,0.0,0.0,0.1875,0.0,0.0,0.0,0.0,0.0,0.0
win,55845,2013,1,ATL,0.813,0.75,NO,0.438,0.5,1,0-0-0,0.0,0.0,0-0-0,0.0,0.0,0.6000000000000001,0.0,0.0,0.0,0.4375,0.0,0.0,0.0,7.5,0.0,0.0,0.0,1.5,0.0,0.0,0.0,1.125,0.0,0.0,0.0,0.125,0.0,0.0,0.0,0.8125,0.0,0.0,0.0,0.0,0.0,0.0
loss,55847,2013,1,TEN,0.375,0.25,PIT,0.5,0.625,0,0-0-0,0.0,0.0,0-0-0,0.0,0.0,0.0,0.0,0.0,0.0,1.375,0.0,0.0,0.0,-8.8125,0.0,0.0,0.0,1.875,0.0,0.0,0.0,1.75,0.0,0.0,0.0,-0.625,0.0,0.0,0.0,-0.25,0.0,0.0,0.0,0.0,0.0,0.0
win,55848,2013,1,ARI,0.313,0.125,STL,0.469,0.5,1,0-0-0,0.0,0.0,0-0-0,0.0,0.0,-0.2,0.0,0.0,0.0,-3.0625,0.0,0.0,0.0,-6.6875,0.0,0.0,0.0,1.375,0.0,0.0,0.0,2.125,0.0,0.0,0.0,-0.0625,0.0,0.0,0.0,-0.0625,0.0,0.0,0.0,0.0,0.0,0.0
win,55849,2013,1,GB,0.688,0.5,SF,0.7190000000000001,0.813,0,0-0-0,0.0,0.0,0-0-0,0.0,0.0,1.0,0.0,0.0,0.0,7.75,0.0,0.0,0.0,6.0625,0.0,0.0,0.0,1.0,0.0,0.0,0.0,1.0,0.0,0.0,0.0,0.5625,0.0,0.0,0.0,0.4375,0.0,0.0,0.0,0.0,0.0,0.0
win,55850,2013,1,NYG,0.563,0.375,DAL,0.5,0.5,1,0-0-0,0.0,0.0,0-0-0,0.0,0.0,-0.2,0.0,0.0,0.0,-1.5,0.0,0.0,0.0,5.3125,0.0,0.0,0.0,1.8125,0.0,0.0,0.0,1.3125,0.0,0.0,0.0,-0.8125,0.0,0.0,0.0,0.875,0.0,0.0,0.0,0.0,0.0,0.0
loss,55851,2013,1,PHI,0.25,0.25,WAS,0.625,0.625,1,0-0-0,0.0,0.0,0-0-0,0.0,0.0,-0.2,0.0,0.0,0.0,3.0,0.0,0.0,0.0,-10.25,0.0,0.0,0.0,0.875,0.0,0.0,0.0,2.3125,0.0,0.0,0.0,1.0625,0.0,0.0,0.0,-1.5,0.0,0.0,0.0,0.0,0.0,0.0
loss,55852,2013,1,HOU,0.75,0.75,SD,0.438,0.375,0,0-0-0,0.0,0.0,0-0-0,0.0,0.0,0.0,0.0,0.0,0.0,0.0,0.0,0.0,0.0,5.3125,0.0,0.0,0.0,1.625,0.0,0.0,0.0,1.0625,0.0,0.0,0.0,0.125,0.0,0.0,0.0,0.75,0.0,0.0,0.0,0.0,0.0,0.0
win,55853,2013,2,NYJ,0.375,0.375,NE,0.75,0.75,1,1-0-0,1.0,0.0,1-0-0,1.0,0.0,0.6000000000000001,2.0,2.0,2.0,14.125,1.0,1.0,1.0,-5.875,3.0,3.0,3.0,1.0,2.0,2.0,2.0,2.3125,-1.0,-1.0,-1.0,1.5625,-1.0,-1.0,-1.0,-0.875,0.55,0.55,0.55,0.389,0.389,0.389
win,55854,2013,2,STL,0.469,0.438,ATL,0.813,0.875,0,1-0-0,1.0,0.0,0-1-0,0.0,0.0,0.0,-6.0,-6.0,-6.0,7.5,3.0,3.0,3.0,-3.0625,2.0,2.0,2.0,1.125,2.0,2.0,2.0,1.375,-1.0,-1.0,-1.0,0.8125,0.0,0.0,0.0,-0.0625,0.273,0.273,0.273,0.364,0.364,0.364
win,55855,2013,2,CLE,0.313,0.125,BAL,0.625,0.75,1,0-1-0,0.0,0.0,0-1-0,0.0,0.0,0.6000000000000001,-22.0,-22.0,-22.0,3.375,-13.0,-13.0,-13.0,-4.125,2.0,2.0,2.0,1.0,3.0,3.0,3.0,1.625,0.0,0.0,0.0,0.5625,-2.0,-2.0,-2.0,0.1875,0.364,0.364,0.364,0.071,0.071,0.071
win,55856,2013,2,CAR,0.438,0.5,BUF,0.375,0.5,0,0-1-0,0.0,0.0,0-1-0,0.0,0.0,0.0,-2.0,-2.0,-2.0,-5.6875,-5.0,-5.0,-5.0,-0.375,2.0,2.0,2.0,2.125,2.0,2.0,2.0,1.3125,1.0,1.0,1.0,-0.8125,-1.0,-1.0,-1.0,0.125,0.308,0.308,0.308,0.455,0.455,0.455
win,55857,2013,2,MIN,0.625,0.375,CHI,0.625,0.625,1,0-1-0,0.0,0.0,1-0-0,1.0,1.0,0.2,3.0,3.0,3.0,6.125,-10.0,-10.0,-10.0,1.9375,1.0,1.0,1.0,1.5,4.0,4.0,4.0,1.4375,2.0,2.0,2.0,1.25,-2.0,-2.0,-2.0,-0.0625,0.429,0.429,0.429,0.2,0.2,0.2
win,55858,2013,2,WAS,0.625,0.625,GB,0.688,0.875,0,0-1-0,0.0,0.0,0-1-0,0.0,0.0,0.0,-6.0,-6.0,-6.0,6.0625,-6.0,-6.0,-6.0,3.0,2.0,2.0,2.0,1.0,3.0,3.0,3.0,0.875,-2.0,-2.0,-2.0,0.4375,-1.0,-1.0,-1.0,1.0625,0.4,0.4,0.4,0.2,0.2,0.2
win,55859,2013,2,TEN,0.375,0.25,HOU,0.75,0.75,1,1-0-0,1.0,1.0,1-0-0,1.0,0.0,0.2,3.0,3.0,3.0,5.3125,7.0,7.0,7.0,-8.8125,1.0,1.0,1.0,1.0625,0.0,0.0,0.0,1.75,0.0,0.0,0.0,0.75,2.0,2.0,2.0,-0.25,0.462,0.462,0.462,0.4,0.4,0.4
loss,55860,2013,2,MIA,0.438,0.25,IND,0.688,0.875,0,1-0-0,1.0,1.0,1-0-0,1.0,1.0,1.0,4.0,4.0,4.0,-1.875,13.0,13.0,13.0,-1.8125,0.0,0.0,0.0,1.6875,1.0,1.0,1.0,1.625,2.0,2.0,2.0,-0.75,2.0,2.0,2.0,-0.625,0.6,0.6,0.6,0.5,0.5,0.5
win,55861,2013,2,DAL,0.5,0.5,KC,0.125,0.125,0,1-0-0,1.0,0.0,1-0-0,1.0,0.0,0.0,26.0,26.0,26.0,-13.375,5.0,5.0,5.0,-1.5,0.0,0.0,0.0,2.3125,1.0,1.0,1.0,1.8125,2.0,2.0,2.0,-1.5,5.0,5.0,5.0,-0.8125,0.333,0.333,0.333,0.333,0.333,0.333
loss,55862,2013,2,SD,0.438,0.5,PHI,0.25,0.25,0,0-1-0,0.0,0.0,1-0-0,1.0,0.0,0.0,6.0,6.0,6.0,-10.25,-3.0,-3.0,-3.0,0.0,2.0,2.0,2.0,2.3125,1.0,1.0,1.0,1.625,1.0,1.0,1.0,-1.5,0.0,0.0,0.0,0.125,0.467,0.467,0.467,0.5,0.5,0.5
win,55863,2013,2,DET,0.25,0.25,ARI,0.313,0.5,0,1-0-0,1.0,0.0,0-1-0,0.0,0.0,1.0,-3.0,-3.0,-3.0,-6.6875,10.0,10.0,10.0,-4.0625,2.0,2.0,2.0,2.125,2.0,2.0,2.0,2.0625,0.0,0.0,0.0,-0.0625,2.0,2.0,2.0,-1.0,0.5,0.5,0.5,0.385,0.385,0.385
loss,55864,2013,2,NO,0.438,0.375,TB,0.438,0.375,1,1-0-0,1.0,0.0,0-1-0,0.0,0.0,-0.6000000000000001,-1.0,-1.0,-1.0,-0.3125,6.0,6.0,6.0,0.4375,1.0,1.0,1.0,1.4375,1.0,1.0,1.0,1.5,1.0,1.0,1.0,0.1875,1.0,1.0,1.0,0.125,0.375,0.375,0.375,0.462,0.462,0.462
loss,55865,2013,2,DEN,0.813,0.75,NYG,0.563,0.75,0,1-0-0,1.0,0.0,0-1-0,0.0,0.0,0.0,-5.0,-5.0,-5.0,5.3125,22.0,22.0,22.0,12.0,6.0,6.0,6.0,1.3125,2.0,2.0,2.0,1.5625,-5.0,-5.0,-5.0,0.875,0.0,0.0,0.0,-0.0625,0.545,0.545,0.545,0.5329999999999999,0.5329999999999999,0.5329999999999999
win,55866,2013,2,JAC,0.125,0.125,OAK,0.25,0.375,0,0-1-0,0.0,0.0,0-1-0,0.0,0.0,1.0,-4.0,-4.0,-4.0,-9.5625,-26.0,-26.0,-26.0,-11.8125,2.0,2.0,2.0,1.625,2.0,2.0,2.0,1.5625,-2.0,-2.0,-2.0,-0.5,-2.0,-2.0,-2.0,-0.125,0.5379999999999999,0.5379999999999999,0.5379999999999999,0.263,0.263,0.263
win,55867,2013,2,SF,0.7190000000000001,0.625,SEA,0.688,1.0,1,1-0-0,1.0,0.0,1-0-0,1.0,0.0,-0.334,5.0,5.0,5.0,10.4375,6.0,6.0,6.0,7.75,1.0,1.0,1.0,1.125,0.0,0.0,0.0,1.0,1.0,1.0,1.0,0.75,2.0,2.0,2.0,0.5625,0.462,0.462,0.462,0.5,0.5,0.5
win,55868,2013,2,PIT,0.5,0.375,CIN,0.625,0.5,1,0-1-0,0.0,0.0,0-1-0,0.0,0.0,-0.6000000000000001,-3.0,-3.0,-3.0,4.4375,-7.0,-7.0,-7.0,1.375,3.0,3.0,3.0,1.625,2.0,2.0,2.0,1.875,-2.0,-2.0,-2.0,0.25,-2.0,-2.0,-2.0,-0.625,0.636,0.636,0.636,0.308,0.308,0.308
loss,55869,2013,3,KC,0.125,0.125,PHI,0.25,0.25,0,2-0-0,1.0,1.0,1-1-0,0.5,0.0,0.0,1.5,1.5,1.5,-10.25,13.5,13.5,13.5,-13.375,1.5,1.5,1.5,2.3125,0.0,0.0,0.0,2.3125,1.0,1.0,1.0,-1.5,2.0,2.0,2.0,-1.5,0.461,0.461,0.461,0.321,0.321,0.321
win,55870,2013,3,HOU,0.75,0.75,BAL,0.625,0.75,0,2-0-0,1.0,1.0,1-1-0,0.5,1.0,0.334,-7.0,-7.0,-7.0,3.375,4.5,4.5,4.5,5.3125,1.5,1.5,1.5,1.0,1.5,1.5,1.5,1.0625,-0.5,-0.5,-0.5,0.5625,-1.0,-1.0,-1.0,0.75,0.4320000000000001,0.4320000000000001,0.4320000000000001,0.407,0.407,0.407
win,55871,2013,3,GB,0.688,0.5,CIN,0.625,0.5,0,1-1-0,0.5,0.0,1-1-0,0.5,1.0,0.0,3.5,3.5,3.5,4.4375,6.0,6.0,6.0,6.0625,1.5,1.5,1.5,1.625,1.5,1.5,1.5,1.0,0.0,0.0,0.0,0.25,-1.0,-1.0,-1.0,0.4375,0.524,0.524,0.524,0.4,0.4,0.4
win,55873,2013,3,STL,0.469,0.438,DAL,0.5,0.5,0,1-1-0,0.5,0.0,1-1-0,0.5,1.0,1.0,2.0,2.0,2.0,-1.5,-2.0,-2.0,-2.0,-3.0625,1.5,1.5,1.5,1.8125,1.5,1.5,1.5,1.375,1.5,1.5,1.5,-0.8125,-0.5,-0.5,-0.5,-0.0625,0.303,0.303,0.303,0.388,0.388,0.388
win,55879,2013,3,ATL,0.813,0.75,MIA,0.438,0.625,0,1-1-0,0.5,0.0,2-0-0,1.0,0.0,0.0,8.5,8.5,8.5,-1.8125,0.5,0.5,0.5,7.5,1.0,1.0,1.0,1.625,1.0,1.0,1.0,1.125,1.0,1.0,1.0,-0.625,0.0,0.0,0.0,0.8125,0.465,0.465,0.465,0.406,0.406,0.406
loss,55874,2013,3,CLE,0.313,0.125,MIN,0.625,0.875,0,0-2-0,0.0,0.0,0-2-0,0.0,0.0,0.0,-5.5,-5.5,-5.5,1.9375,-10.5,-10.5,-10.5,-4.125,3.5,3.5,3.5,1.4375,1.5,1.5,1.5,1.625,-0.5,-0.5,-0.5,-0.0625,-0.5,-0.5,-0.5,0.1875,0.319,0.319,0.319,0.16899999999999998,0.16899999999999998,0.16899999999999998
win,55880,2013,3,BUF,0.375,0.25,NYJ,0.375,0.375,1,1-1-0,0.5,0.0,1-1-0,0.5,1.0,0.2,-1.0,-1.0,-1.0,-5.875,-0.5,-0.5,-0.5,-5.6875,3.0,3.0,3.0,2.3125,2.0,2.0,2.0,2.125,-2.5,-2.5,-2.5,-0.875,0.0,0.0,0.0,-0.8125,0.361,0.361,0.361,0.368,0.368,0.368
win,55875,2013,3,TB,0.438,0.5,NE,0.75,0.75,0,0-2-0,0.0,0.0,2-0-0,1.0,1.0,0.0,2.5,2.5,2.5,14.125,-1.5,-1.5,-1.5,-0.3125,1.5,1.5,1.5,1.0,1.5,1.5,1.5,1.4375,1.5,1.5,1.5,1.5625,0.5,0.5,0.5,0.1875,0.386,0.386,0.386,0.38,0.38,0.38
win,55876,2013,3,ARI,0.313,0.125,NO,0.438,0.5,0,1-1-0,0.5,0.0,2-0-0,1.0,1.0,0.0,4.0,4.0,4.0,0.4375,0.5,0.5,0.5,-6.6875,1.5,1.5,1.5,1.5,1.5,1.5,1.5,2.125,0.5,0.5,0.5,0.125,0.0,0.0,0.0,-0.0625,0.409,0.409,0.409,0.295,0.295,0.295
win,55877,2013,3,SD,0.438,0.5,TEN,0.375,0.5,0,1-1-0,0.5,1.0,1-1-0,0.5,0.0,-1.0,0.5,0.5,0.5,-8.8125,0.0,0.0,0.0,0.0,0.0,0.0,0.0,1.75,1.5,1.5,1.5,1.625,2.0,2.0,2.0,-0.25,-0.5,-0.5,-0.5,0.125,0.325,0.325,0.325,0.584,0.584,0.584
loss,55878,2013,3,DET,0.25,0.25,WAS,0.625,0.625,0,1-1-0,0.5,0.0,0-2-0,0.0,0.0,0.0,-12.0,-12.0,-12.0,3.0,3.0,3.0,3.0,-4.0625,2.0,2.0,2.0,0.875,1.5,1.5,1.5,2.0625,-0.5,-0.5,-0.5,1.0625,1.0,1.0,1.0,-1.0,0.237,0.237,0.237,0.329,0.329,0.329
win,55872,2013,3,NYG,0.563,0.375,CAR,0.438,0.375,0,0-2-0,0.0,0.0,0-2-0,0.0,0.0,-1.0,-3.0,-3.0,-3.0,-0.375,-11.5,-11.5,-11.5,5.3125,1.5,1.5,1.5,1.3125,5.0,5.0,5.0,1.3125,0.0,0.0,0.0,0.125,-4.0,-4.0,-4.0,0.875,0.447,0.447,0.447,0.318,0.318,0.318
loss,55881,2013,3,IND,0.688,0.5,SF,0.7190000000000001,0.813,0,1-1-0,0.5,0.0,1-1-0,0.5,1.0,0.0,-10.0,-10.0,-10.0,7.75,0.0,0.0,0.0,-1.875,2.5,2.5,2.5,1.0,0.5,0.5,0.5,1.6875,-1.0,-1.0,-1.0,0.5625,1.0,1.0,1.0,-0.75,0.375,0.375,0.375,0.5329999999999999,0.5329999999999999,0.5329999999999999
win,55882,2013,3,JAC,0.125,0.125,SEA,0.688,1.0,0,0-2-0,0.0,0.0,2-0-0,1.0,1.0,0.0,15.5,15.5,15.5,10.4375,-18.0,-18.0,-18.0,-11.8125,1.0,1.0,1.0,1.125,1.0,1.0,1.0,1.5625,2.5,2.5,2.5,0.75,-0.5,-0.5,-0.5,-0.125,0.388,0.388,0.388,0.338,0.338,0.338
loss,55883,2013,3,CHI,0.625,0.625,PIT,0.5,0.625,0,2-0-0,1.0,0.0,0-2-0,0.0,0.0,0.0,-8.5,-8.5,-8.5,1.375,2.0,2.0,2.0,6.125,2.0,2.0,2.0,1.875,2.5,2.5,2.5,1.5,-2.0,-2.0,-2.0,-0.625,0.5,0.5,0.5,1.25,0.279,0.279,0.279,0.506,0.506,0.506
win,55884,2013,3,OAK,0.25,0.125,DEN,0.813,0.875,1,1-1-0,0.5,0.0,2-0-0,1.0,1.0,0.6000000000000001,20.0,20.0,20.0,12.0,3.0,3.0,3.0,-9.5625,1.5,1.5,1.5,1.5625,1.5,1.5,1.5,1.625,1.5,1.5,1.5,-0.0625,-1.5,-1.5,-1.5,-0.5,0.5329999999999999,0.5329999999999999,0.5329999999999999,0.412,0.412,0.412
loss,55885,2013,4,SF,0.7190000000000001,0.625,STL,0.469,0.5,1,1-2-0,0.333,0.0,1-2-0,0.333,1.0,-0.4,-9.333,-9.333,-9.333,-3.0625,-13.333,-13.333,-13.333,7.75,1.3330000000000002,1.3330000000000002,1.3330000000000002,1.375,2.333,2.333,2.333,1.0,-0.333,-0.333,-0.333,-0.0625,-1.3330000000000002,-1.3330000000000002,-1.3330000000000002,0.5625,0.284,0.284,0.284,0.333,0.333,0.333
win,55886,2013,4,BAL,0.625,0.5,BUF,0.375,0.5,0,2-1-0,0.667,0.0,1-2-0,0.333,0.5,0.0,-2.667,-2.667,-2.667,-5.6875,2.333,2.333,2.333,3.375,1.3330000000000002,1.3330000000000002,1.3330000000000002,2.125,1.0,1.0,1.0,1.0,0.667,0.667,0.667,-0.8125,0.0,0.0,0.0,0.5625,0.32,0.32,0.32,0.455,0.455,0.455
win,55887,2013,4,CIN,0.625,0.75,CLE,0.313,0.5,1,2-1-0,0.667,0.0,1-2-0,0.333,0.0,-0.6000000000000001,-5.667000000000002,-5.667000000000002,-5.667000000000002,-4.125,3.667,3.667,3.667,4.4375,2.333,2.333,2.333,1.625,2.333,2.333,2.333,1.625,-0.667,-0.667,-0.667,0.1875,0.0,0.0,0.0,0.25,0.246,0.246,0.246,0.471,0.471,0.471
win,55888,2013,4,CHI,0.625,0.625,DET,0.25,0.25,1,3-0-0,1.0,1.0,2-1-0,0.667,1.0,-0.2,4.333,4.333,4.333,-4.0625,7.0,7.0,7.0,6.125,1.3330000000000002,1.3330000000000002,1.3330000000000002,2.0625,1.6669999999999998,1.6669999999999998,1.6669999999999998,1.5,1.0,1.0,1.0,-1.0,2.0,2.0,2.0,1.25,0.322,0.322,0.322,0.448,0.448,0.448
loss,55889,2013,4,SEA,0.688,0.375,HOU,0.75,0.75,0,3-0-0,1.0,1.0,2-1-0,0.667,1.0,0.0,-4.0,-4.0,-4.0,5.3125,19.667,19.667,19.667,10.4375,1.3330000000000002,1.3330000000000002,1.3330000000000002,1.0625,1.3330000000000002,1.3330000000000002,1.3330000000000002,1.125,-1.0,-1.0,-1.0,0.75,2.0,2.0,2.0,0.75,0.355,0.355,0.355,0.392,0.392,0.392
loss,55890,2013,4,IND,0.688,0.5,JAC,0.125,0.125,1,2-1-0,0.667,1.0,0-3-0,0.0,0.0,0.2,-21.333,-21.333,-21.333,-11.8125,6.667000000000002,6.667000000000002,6.667000000000002,-1.875,1.6669999999999998,1.6669999999999998,1.6669999999999998,1.5625,0.333,0.333,0.333,1.6875,-0.667,-0.667,-0.667,-0.125,1.3330000000000002,1.3330000000000002,1.3330000000000002,-0.75,0.32,0.32,0.32,0.495,0.495,0.495
win,55891,2013,4,NYG,0.563,0.375,KC,0.125,0.125,0,0-3-0,0.0,0.0,3-0-0,1.0,1.0,0.0,12.333,12.333,12.333,-13.375,-20.333,-20.333,-20.333,5.3125,0.0,0.0,0.0,2.3125,4.333,4.333,4.333,1.3125,3.0,3.0,3.0,-1.5,-3.0,-3.0,-3.0,0.875,0.325,0.325,0.325,0.295,0.295,0.295
win,55892,2013,4,PIT,0.5,0.375,MIN,0.625,0.875,0,0-3-0,0.0,0.0,0-3-0,0.0,0.0,0.0,-5.0,-5.0,-5.0,1.9375,-11.333,-11.333,-11.333,1.375,3.333,3.333,3.333,1.4375,3.0,3.0,3.0,1.875,0.0,0.0,0.0,-0.0625,-3.0,-3.0,-3.0,-0.625,0.37,0.37,0.37,0.277,0.277,0.277
loss,55893,2013,4,ARI,0.313,0.125,TB,0.438,0.375,0,1-2-0,0.333,0.0,0-3-0,0.0,0.0,0.0,-7.667000000000002,-7.667000000000002,-7.667000000000002,-0.3125,-7.667000000000002,-7.667000000000002,-7.667000000000002,-6.6875,1.3330000000000002,1.3330000000000002,1.3330000000000002,1.4375,1.6669999999999998,1.6669999999999998,1.6669999999999998,2.125,0.333,0.333,0.333,0.1875,-0.333,-0.333,-0.333,-0.0625,0.3720000000000001,0.3720000000000001,0.3720000000000001,0.325,0.325,0.325
win,55894,2013,4,NYJ,0.375,0.375,TEN,0.375,0.5,0,2-1-0,0.667,0.0,2-1-0,0.667,1.0,1.0,1.3330000000000002,1.3330000000000002,1.3330000000000002,-8.8125,1.6669999999999998,1.6669999999999998,1.6669999999999998,-5.875,0.0,0.0,0.0,1.75,2.667,2.667,2.667,2.3125,1.6669999999999998,1.6669999999999998,1.6669999999999998,-0.25,-2.333,-2.333,-2.333,-0.875,0.36,0.36,0.36,0.36,0.36,0.36
win,55895,2013,4,PHI,0.25,0.25,DEN,0.813,0.875,0,1-2-0,0.333,1.0,3-0-0,1.0,1.0,0.0,18.667,18.667,18.667,12.0,-2.333,-2.333,-2.333,-10.25,1.6669999999999998,1.6669999999999998,1.6669999999999998,1.5625,2.667,2.667,2.667,2.3125,0.333,0.333,0.333,-0.0625,-1.0,-1.0,-1.0,-1.5,0.541,0.541,0.541,0.407,0.407,0.407
loss,55896,2013,4,WAS,0.625,0.625,OAK,0.25,0.375,0,0-3-0,0.0,0.0,1-2-0,0.333,1.0,0.0,-3.333,-3.333,-3.333,-9.5625,-10.333,-10.333,-10.333,3.0,1.0,1.0,1.0,1.625,2.0,2.0,2.0,0.875,-0.333,-0.333,-0.333,-0.5,-0.667,-0.667,-0.667,1.0625,0.414,0.414,0.414,0.312,0.312,0.312
win,55897,2013,4,DAL,0.5,0.5,SD,0.438,0.375,0,2-1-0,0.667,0.0,1-2-0,0.333,0.0,0.0,-1.0,-1.0,-1.0,0.0,9.333,9.333,9.333,-1.5,1.3330000000000002,1.3330000000000002,1.3330000000000002,1.625,1.3330000000000002,1.3330000000000002,1.3330000000000002,1.8125,-0.667,-0.667,-0.667,0.125,1.0,1.0,1.0,-0.8125,0.5,0.5,0.5,0.354,0.354,0.354
loss,55898,2013,4,NE,0.75,0.75,ATL,0.813,0.875,0,3-0-0,1.0,1.0,1-2-0,0.333,1.0,0.0,-1.0,-1.0,-1.0,7.5,8.333,8.333,8.333,14.125,1.3330000000000002,1.3330000000000002,1.3330000000000002,1.125,1.3330000000000002,1.3330000000000002,1.3330000000000002,1.0,0.0,0.0,0.0,0.8125,1.0,1.0,1.0,1.5625,0.422,0.422,0.422,0.4,0.4,0.4
win,55899,2013,4,MIA,0.438,0.25,NO,0.438,0.5,0,3-0-0,1.0,1.0,3-0-0,1.0,1.0,0.0,10.667,10.667,10.667,0.4375,7.0,7.0,7.0,-1.8125,1.3330000000000002,1.3330000000000002,1.3330000000000002,1.5,1.3330000000000002,1.3330000000000002,1.3330000000000002,1.625,0.667,0.667,0.667,0.125,0.667,0.667,0.667,-0.625,0.452,0.452,0.452,0.504,0.504,0.504
win,55900,2013,5,BUF,0.375,0.25,CLE,0.313,0.5,0,2-2-0,0.5,0.0,2-2-0,0.5,0.5,-1.0,-1.5,2.333,-1.5,-4.125,-1.25,-1.0,-1.25,-5.6875,1.75,1.3330000000000002,1.75,1.625,1.75,1.6669999999999998,1.75,2.125,0.0,0.667,0.0,0.1875,1.0,1.0,1.0,-0.8125,0.309,0.389,0.309,0.309,0.31,0.309
loss,55901,2013,5,NO,0.438,0.375,CHI,0.625,0.625,0,4-0-0,1.0,1.0,3-1-0,0.75,1.0,-1.0,3.25,3.333,3.25,6.125,13.25,15.667,13.25,0.4375,2.25,2.667,2.25,1.5,1.25,1.3330000000000002,1.25,1.5,1.25,1.0,1.25,1.25,1.25,1.3330000000000002,1.25,0.125,0.355,0.331,0.355,0.455,0.452,0.455
win,55902,2013,5,NE,0.75,0.75,CIN,0.625,0.5,0,4-0-0,1.0,1.0,2-2-0,0.5,1.0,0.0,0.0,1.0,0.0,4.4375,8.0,10.0,8.0,14.125,2.25,2.0,2.25,1.625,1.0,0.333,1.0,1.0,-0.5,0.0,-0.5,0.25,1.0,1.6669999999999998,1.0,1.5625,0.424,0.354,0.424,0.435,0.396,0.435
win,55903,2013,5,DET,0.25,0.25,GB,0.688,0.875,1,3-1-0,0.75,0.5,1-2-0,0.333,1.0,0.6000000000000001,2.667,2.667,5.25,6.0625,5.25,3.667,5.25,-4.0625,2.333,2.333,2.333,1.0,1.75,1.6669999999999998,1.75,2.0625,-0.667,-0.667,-0.667,0.4375,1.0,0.667,1.0,-1.0,0.369,0.369,0.369,0.29100000000000004,0.26,0.29100000000000004
win,55904,2013,5,SEA,0.688,0.375,IND,0.688,0.875,0,4-0-0,1.0,1.0,3-1-0,0.75,0.5,0.0,13.5,16.667,13.5,-1.875,15.5,19.0,15.5,10.4375,0.5,0.667,0.5,1.6875,1.5,1.6669999999999998,1.5,1.125,1.5,1.3330000000000002,1.5,-0.75,1.75,2.0,1.75,0.75,0.486,0.449,0.486,0.34700000000000003,0.309,0.34700000000000003
loss,55905,2013,5,BAL,0.625,0.5,MIA,0.438,0.625,0,2-2-0,0.5,0.0,3-1-0,0.75,1.0,0.0,0.0,-4.333,0.0,-1.8125,1.0,8.667,1.0,3.375,2.0,2.333,2.0,1.625,2.0,2.0,2.0,1.0,-0.25,-1.0,-0.25,-0.625,-0.5,-0.667,-0.5,0.5625,0.461,0.448,0.461,0.388,0.396,0.388
loss,55906,2013,5,PHI,0.25,0.25,NYG,0.563,0.75,1,1-3-0,0.25,0.5,0-4-0,0.0,0.0,0.2,-21.25,-26.667,-21.25,5.3125,-9.75,-15.0,-9.75,-10.25,4.0,3.333,4.0,1.3125,2.0,2.0,2.0,2.3125,-2.25,-1.3330000000000002,-2.25,0.875,-0.75,-1.3330000000000002,-0.75,-1.5,0.239,0.13699999999999998,0.239,0.43,0.418,0.43
win,55907,2013,5,JAC,0.125,0.125,STL,0.469,0.5,0,0-4-0,0.0,0.0,1-3-0,0.25,0.5,0.0,-13.0,-18.333,-13.0,-3.0625,-24.5,-24.0,-24.5,-11.8125,1.5,1.3330000000000002,1.5,1.375,2.0,2.0,2.0,1.5625,-0.25,-0.333,-0.25,-0.0625,-1.0,-0.667,-1.0,-0.125,0.257,0.222,0.257,0.28600000000000003,0.293,0.28600000000000003
loss,55908,2013,5,KC,0.125,0.125,TEN,0.375,0.5,0,4-0-0,1.0,1.0,3-1-0,0.75,1.0,0.0,7.25,7.332999999999998,7.25,-8.8125,15.25,11.667,15.25,-13.375,0.0,0.0,0.0,1.75,0.75,1.0,0.75,2.3125,2.25,2.333,2.25,-0.25,2.25,2.333,2.25,-1.5,0.409,0.412,0.409,0.384,0.401,0.384
win,55909,2013,5,CAR,0.438,0.5,ARI,0.313,0.5,0,1-2-0,0.333,0.0,2-2-0,0.5,1.0,1.0,-5.0,-5.667000000000002,-5.0,-6.6875,10.667,10.667,4.0,-0.375,2.0,2.0,2.0,2.125,1.6669999999999998,1.6669999999999998,1.6669999999999998,1.3125,-0.25,-0.333,-0.25,-0.0625,0.333,0.333,0.333,0.125,0.269,0.192,0.269,0.488,0.488,0.488
loss,55910,2013,5,DEN,0.813,0.75,DAL,0.5,0.5,0,4-0-0,1.0,1.0,2-2-0,0.5,1.0,0.0,4.75,4.667,4.75,-1.5,22.0,22.0,22.0,12.0,1.25,1.3330000000000002,1.25,1.8125,1.25,1.0,1.25,1.5625,0.75,-0.667,0.75,-0.8125,0.25,0.333,0.25,-0.0625,0.349,0.354,0.349,0.562,0.5710000000000001,0.562
win,55911,2013,5,SD,0.438,0.5,OAK,0.25,0.375,1,2-2-0,0.5,0.5,1-3-0,0.25,0.5,-0.6000000000000001,-5.0,-5.332999999999998,-5.0,-9.5625,1.5,3.0,1.5,0.0,1.25,1.0,1.25,1.625,1.25,1.3330000000000002,1.25,1.625,-0.5,0.0,-0.5,-0.5,-0.5,-0.667,-0.5,0.125,0.384,0.332,0.384,0.479,0.472,0.479
win,55912,2013,5,HOU,0.75,0.75,SF,0.7190000000000001,0.813,0,2-2-0,0.5,0.5,2-2-0,0.5,0.5,0.0,-4.0,-7.332999999999998,-4.0,7.75,-3.75,-6.0,-3.75,5.3125,2.25,3.0,2.25,1.0,1.75,2.0,1.75,1.0625,-1.0,-2.0,-1.0,0.5625,-1.0,-1.3330000000000002,-1.0,0.75,0.35,0.3,0.35,0.354,0.319,0.354
loss,55913,2013,5,NYJ,0.375,0.375,ATL,0.813,0.875,0,2-2-0,0.5,0.0,1-3-0,0.25,0.5,0.0,-2.5,-1.3330000000000002,-2.5,7.5,-5.0,-7.0,-5.0,-5.875,1.25,1.0,1.25,1.125,3.0,3.333,3.0,2.3125,-0.25,0.0,-0.25,0.8125,-2.75,-3.333,-2.75,-0.875,0.424,0.474,0.424,0.34700000000000003,0.333,0.34700000000000003
win,55914,2013,6,NYG,0.563,0.375,CHI,0.625,0.625,0,0-5-0,0.0,0.0,3-2-0,0.6,0.667,0.0,1.0,0.333,1.0,6.125,-20.0,-25.667,-20.0,5.3125,2.0,1.6669999999999998,2.0,1.5,4.0,3.333,4.0,1.3125,0.8,1.0,0.8,1.25,-2.6,-1.6669999999999998,-2.6,0.875,0.364,0.27,0.364,0.268,0.235,0.268
loss,55915,2013,6,GB,0.688,0.5,BAL,0.625,0.75,0,2-2-0,0.5,0.0,3-2-0,0.6,1.0,0.0,1.4,7.0,1.4,3.375,5.25,9.0,4.6,6.0625,2.0,2.333,2.0,1.0,1.75,1.6669999999999998,1.75,1.0,-0.8,-1.0,-0.8,0.5625,-0.5,0.0,-0.5,0.4375,0.385,0.354,0.385,0.387,0.382,0.387
loss,55916,2013,6,CIN,0.625,0.75,BUF,0.375,0.5,0,3-2-0,0.6,0.0,2-3-0,0.4,0.667,-1.0,-3.6,-5.667000000000002,-3.6,-5.6875,1.4,0.0,1.4,4.4375,1.6,1.3330000000000002,1.6,2.125,2.2,2.667,2.2,1.625,0.6,1.0,0.6,-0.8125,-0.4,-0.667,-0.4,0.25,0.31,0.271,0.31,0.42,0.35,0.42
loss,55917,2013,6,DET,0.25,0.25,CLE,0.313,0.5,0,3-2-0,0.6,0.333,3-2-0,0.6,0.667,0.0,1.4,9.333,1.4,-4.125,1.6,0.667,1.6,-4.0625,1.4,1.3330000000000002,1.4,1.625,1.4,1.3330000000000002,1.4,2.0625,0.2,0.667,0.2,0.1875,0.8,0.667,0.8,-1.0,0.33,0.4370000000000001,0.33,0.327,0.325,0.327
loss,55918,2013,6,STL,0.469,0.438,HOU,0.75,0.75,0,2-3-0,0.4,0.0,2-3-0,0.4,0.5,0.0,-9.2,-18.333,-9.2,5.3125,-7.6,-11.333,-7.6,-3.0625,2.2,2.667,2.2,1.0625,1.2,1.0,1.2,1.375,-1.6,-2.0,-1.6,0.75,0.4,1.0,0.4,-0.0625,0.359,0.326,0.359,0.29,0.225,0.29
win,55919,2013,6,OAK,0.25,0.125,KC,0.125,0.125,1,2-3-0,0.4,0.0,5-0-0,1.0,1.0,-0.2,14.0,14.333,14.0,-13.375,-2.0,-5.332999999999998,-2.0,-9.5625,1.0,1.6669999999999998,1.0,2.3125,1.0,0.667,1.0,1.625,2.0,2.0,2.0,-1.5,0.6,2.0,0.6,-0.5,0.324,0.326,0.324,0.374,0.348,0.374
loss,55920,2013,6,CAR,0.438,0.5,MIN,0.625,0.875,0,1-3-0,0.25,0.0,1-3-0,0.25,0.5,1.0,-2.0,0.667,-6.6,1.9375,4.0,7.0,8.2,-0.375,2.5,2.0,2.5,1.4375,2.25,2.333,2.25,1.3125,0.5,1.3330000000000002,0.5,-0.0625,0.0,0.333,0.0,0.125,0.368,0.424,0.368,0.47,0.475,0.47
loss,55921,2013,6,PIT,0.5,0.375,NYJ,0.375,0.375,0,0-4-0,0.0,0.0,3-2-0,0.6,1.0,-1.0,-3.6,-5.332999999999998,-3.6,-5.875,-10.25,-11.333,-5.6,1.375,2.4,2.0,2.4,2.3125,2.75,3.0,2.75,1.875,-2.0,-1.6669999999999998,-2.0,-0.875,-2.75,-3.0,-2.75,-0.625,0.386,0.403,0.386,0.341,0.35200000000000004,0.341
loss,55922,2013,6,PHI,0.25,0.25,TB,0.438,0.375,0,2-3-0,0.4,0.667,0-4-0,0.0,0.0,-1.0,-6.5,-8.333,-7.4,-0.3125,-4.8,-9.0,-4.8,-10.25,1.75,2.0,1.75,1.4375,1.6,1.6669999999999998,1.6,2.3125,0.25,0.0,0.25,0.1875,0.2,-0.333,0.2,-1.5,0.377,0.377,0.377,0.439,0.425,0.439
win,55923,2013,6,JAC,0.125,0.125,DEN,0.813,0.875,0,0-5-0,0.0,0.0,5-0-0,1.0,1.0,0.0,18.2,17.0,18.2,12.0,-22.4,-25.333,-22.4,-11.8125,1.4,1.3330000000000002,1.4,1.5625,2.2,3.0,2.2,1.5625,0.2,-0.667,0.2,-0.0625,-1.4,-2.0,-1.4,-0.125,0.588,0.624,0.588,0.279,0.239,0.279
win,55924,2013,6,TEN,0.375,0.25,SEA,0.688,1.0,0,3-2-0,0.6,0.5,4-1-0,0.8,1.0,0.0,11.2,8.333,11.2,10.4375,4.0,6.332999999999998,4.0,-8.8125,1.6,2.0,1.6,1.125,0.6,1.0,0.6,1.75,1.4,0.667,1.4,0.75,1.6,1.3330000000000002,1.6,-0.25,0.311,0.26,0.311,0.384,0.424,0.384
win,55925,2013,6,NO,0.438,0.375,NE,0.75,0.75,0,5-0-0,1.0,1.0,4-1-0,0.8,1.0,0.0,5.0,6.667000000000002,5.0,14.125,12.2,17.667,12.2,0.4375,1.2,1.0,1.2,1.0,1.0,0.667,1.0,1.5,0.8,0.333,0.8,1.5625,1.2,1.6669999999999998,1.2,0.125,0.364,0.35,0.364,0.439,0.458,0.439
win,55926,2013,6,ARI,0.313,0.125,SF,0.7190000000000001,0.813,1,3-2-0,0.6,0.333,3-2-0,0.6,0.667,0.6000000000000001,3.0,11.667,3.0,7.75,-0.8,-1.6669999999999998,-0.8,-6.6875,1.8,1.3330000000000002,1.8,1.0,2.2,2.667,2.2,2.125,0.0,0.667,0.0,0.5625,0.0,0.0,0.0,-0.0625,0.353,0.338,0.353,0.282,0.273,0.282
win,55927,2013,6,WAS,0.625,0.625,DAL,0.5,0.5,1,1-3-0,0.25,0.5,2-3-0,0.4,0.667,0.2,3.2,4.0,3.2,-1.5,-5.25,-5.0,-7.2,3.0,1.4,1.3330000000000002,1.4,1.8125,1.75,1.3330000000000002,1.75,0.875,0.6,0.0,0.6,-0.8125,-0.25,0.0,-0.25,1.0625,0.412,0.485,0.412,0.312,0.349,0.312
win,55928,2013,6,IND,0.688,0.5,SD,0.438,0.375,0,4-1-0,0.8,1.0,2-3-0,0.4,0.5,0.0,-0.8,-1.3330000000000002,-0.8,0.0,12.0,20.0,12.0,-1.875,2.0,2.333,2.0,1.625,0.8,1.0,0.8,1.6875,-1.4,-2.0,-1.4,0.125,1.2,1.3330000000000002,1.2,-0.75,0.456,0.371,0.456,0.506,0.487,0.506
loss,55929,2013,7,SEA,0.688,0.375,ARI,0.313,0.5,1,5-1-0,0.833,0.667,3-3-0,0.5,1.0,0.2,-2.667,2.333,-2.6,-6.6875,10.5,1.3330000000000002,11.6,10.4375,2.5,3.333,2.6,2.125,1.6669999999999998,2.0,1.8,1.125,-0.333,-0.333,-0.4,-0.0625,1.167,0.333,1.2,0.75,0.299,0.273,0.259,0.324,0.255,0.29600000000000004
win,55930,2013,7,TB,0.438,0.5,ATL,0.813,0.875,1,0-5-0,0.0,0.0,1-4-0,0.2,0.333,-0.2,-2.4,-4.333,-2.4,7.5,-7.4,-11.333,-7.4,-0.3125,1.2,1.3330000000000002,1.2,1.125,1.6,1.6669999999999998,1.6,1.4375,-0.4,-0.667,-0.4,0.8125,0.2,0.0,0.2,0.1875,0.439,0.461,0.439,0.381,0.382,0.381
win,55931,2013,7,STL,0.469,0.438,CAR,0.438,0.375,0,3-3-0,0.5,0.333,2-3-0,0.4,0.5,0.0,8.2,15.667,8.2,-0.375,-2.167,5.0,-3.2,-3.0625,1.8,2.0,1.8,1.3125,1.0,0.667,0.8,1.375,0.4,0.667,0.4,0.125,1.0,2.333,1.2,-0.0625,0.493,0.524,0.493,0.313,0.342,0.303
loss,55932,2013,7,CIN,0.625,0.75,DET,0.25,0.25,0,4-2-0,0.667,0.333,4-2-0,0.667,1.0,0.0,3.667,3.0,2.4,-4.0625,1.6669999999999998,-0.333,2.6,4.4375,1.3330000000000002,1.3330000000000002,1.2,2.0625,2.0,1.6669999999999998,1.8,1.625,0.833,0.667,0.6,-1.0,-0.333,-0.667,0.0,0.25,0.3670000000000001,0.413,0.364,0.415,0.358,0.37
win,55940,2013,7,CLE,0.313,0.125,GB,0.688,0.875,0,3-3-0,0.5,0.5,3-2-0,0.6,1.0,0.0,4.6,3.667,4.6,6.0625,-1.167,3.333,1.2,-4.125,1.8,2.0,1.8,1.0,1.5,0.667,1.2,1.625,-0.6,-0.333,-0.6,0.4375,0.0,0.667,0.4,0.1875,0.38,0.366,0.38,0.334,0.423,0.387
loss,55933,2013,7,SD,0.438,0.5,JAC,0.125,0.125,0,3-3-0,0.5,0.333,0-6-0,0.0,0.0,-1.0,-21.333,-21.333,-20.4,-11.8125,1.0,3.0,1.8,0.0,2.167,2.667,2.2,1.5625,1.6669999999999998,2.0,1.8,1.625,-1.0,-1.3330000000000002,-0.8,-0.125,-1.0,-1.3330000000000002,-1.2,0.125,0.292,0.263,0.297,0.464,0.4270000000000001,0.456
win,55934,2013,7,HOU,0.75,0.75,KC,0.125,0.125,0,2-4-0,0.333,0.333,6-0-0,1.0,1.0,0.0,14.5,16.667,12.2,-13.375,-11.833,-19.667,-14.8,5.3125,1.0,2.0,1.2,2.3125,2.5,3.667,2.8,1.0625,2.0,1.0,2.0,-1.5,-2.0,-3.0,-2.4,0.75,0.318,0.311,0.315,0.363,0.371,0.343
loss,55935,2013,7,BUF,0.375,0.25,MIA,0.438,0.625,1,2-4-0,0.333,0.0,3-2-0,0.6,0.5,0.2,-0.6,-6.667000000000002,-0.6,-1.8125,-3.5,-4.333,-3.8,-5.6875,1.6,2.0,1.6,1.625,1.5,1.6669999999999998,1.4,2.125,0.2,-0.333,0.2,-0.625,0.5,0.333,0.4,-0.8125,0.407,0.368,0.407,0.337,0.354,0.343
win,55936,2013,7,NE,0.75,0.75,NYJ,0.375,0.375,1,5-1-0,0.833,0.667,3-3-0,0.5,0.667,-1.0,-5.167000000000002,-12.0,-6.4,-5.875,4.667,1.0,5.2,14.125,2.333,2.0,2.4,2.3125,1.167,1.0,0.8,1.0,-2.0,-1.6669999999999998,-2.2,-0.875,0.833,0.667,1.2,1.5625,0.3670000000000001,0.375,0.363,0.359,0.318,0.321
loss,55937,2013,7,DAL,0.5,0.5,PHI,0.25,0.25,1,3-3-0,0.5,0.0,3-3-0,0.5,0.0,0.2,-2.167,-2.0,-3.8,-10.25,5.167000000000002,1.0,5.2,-1.5,1.5,0.333,1.4,2.3125,1.3330000000000002,1.3330000000000002,1.4,1.8125,0.16699999999999998,1.3330000000000002,0.0,-1.5,0.667,0.333,-0.2,-0.8125,0.449,0.491,0.446,0.413,0.472,0.429
win,55938,2013,7,CHI,0.625,0.625,WAS,0.625,0.625,0,4-2-0,0.667,0.5,1-4-0,0.2,0.0,0.0,-7.2,-4.0,-7.2,3.0,1.833,-3.333,1.6,6.125,1.8,1.6669999999999998,1.8,0.875,1.6669999999999998,1.6669999999999998,1.8,1.5,-0.4,-0.333,-0.4,1.0625,1.167,0.333,1.0,1.25,0.35,0.425,0.35,0.38,0.311,0.37
loss,55939,2013,7,SF,0.7190000000000001,0.625,TEN,0.375,0.5,0,4-2-0,0.667,0.5,3-3-0,0.5,0.667,0.0,2.167,3.0,1.2,-8.8125,4.5,22.333,4.2,7.75,0.833,1.6669999999999998,1.0,1.75,1.833,1.3330000000000002,2.2,1.0,1.3330000000000002,1.0,1.2,-0.25,0.333,2.0,0.0,0.5625,0.376,0.392,0.371,0.342,0.35,0.31
win,55941,2013,7,BAL,0.625,0.5,PIT,0.5,0.625,1,3-3-0,0.5,0.333,1-4-0,0.2,0.0,-0.6000000000000001,-5.6,-3.667,-5.6,1.375,0.833,-0.667,5.4,3.375,2.2,2.333,2.2,1.875,1.833,2.667,1.8,1.0,-1.8,-1.6669999999999998,-1.8,-0.625,-0.5,-1.0,-0.6,0.5625,0.348,0.394,0.348,0.345,0.235,0.341
win,55942,2013,7,DEN,0.813,0.75,IND,0.688,0.875,0,6-0-0,1.0,1.0,4-2-0,0.667,0.667,0.0,8.333,10.0,9.2,-1.875,17.833,17.0,17.0,12.0,0.833,1.3330000000000002,1.0,1.6875,1.6669999999999998,1.6669999999999998,1.6,1.5625,0.833,0.333,0.6,-0.75,0.0,-0.333,0.0,-0.0625,0.455,0.415,0.426,0.58,0.618,0.589
win,55943,2013,7,MIN,0.625,0.375,NYG,0.563,0.75,0,1-4-0,0.2,0.0,0-6-0,0.0,0.0,0.0,-17.667,-15.0,-20.2,5.3125,-6.6,-7.332999999999998,-6.6,1.9375,3.833,3.333,3.4,1.3125,2.4,1.6669999999999998,2.4,1.4375,-2.667,-2.333,-2.2,0.875,0.0,0.333,0.0,-0.0625,0.33,0.364,0.287,0.38,0.421,0.38
loss,55944,2013,8,CAR,0.438,0.5,TB,0.438,0.375,1,3-3-0,0.5,0.333,0-6-0,0.0,0.0,-0.2,-7.5,-7.332999999999998,-8.8,-0.3125,9.333,8.0,12.2,-0.375,1.5,1.6669999999999998,1.6,1.4375,1.5,1.3330000000000002,1.4,1.3125,0.16699999999999998,0.0,0.0,0.1875,0.833,1.3330000000000002,1.2,0.125,0.3670000000000001,0.361,0.365,0.448,0.407,0.446
win,55945,2013,8,DAL,0.5,0.5,DET,0.25,0.25,0,4-3-0,0.5710000000000001,0.333,4-3-0,0.5710000000000001,0.667,1.0,2.714,-0.667,2.6,-4.0625,6.4289999999999985,8.667,8.2,-1.5,1.143,0.333,1.0,2.0625,1.429,1.6669999999999998,1.4,1.8125,0.7140000000000001,0.333,0.6,-1.0,0.7140000000000001,0.667,0.4,-0.8125,0.413,0.574,0.446,0.399,0.466,0.4370000000000001
loss,55946,2013,8,SF,0.7190000000000001,0.625,JAC,0.125,0.125,0,5-2-0,0.7140000000000001,0.667,0-7-0,0.0,0.0,0.0,-20.857,-16.0,-22.0,-11.8125,5.857,19.0,12.2,7.75,2.0,2.0,2.4,1.5625,1.571,0.667,1.2,1.0,-1.0,-1.0,-1.2,-0.125,0.5710000000000001,2.667,1.2,0.5625,0.289,0.293,0.27,0.364,0.383,0.36
win,55947,2013,8,CLE,0.313,0.125,KC,0.125,0.125,0,3-4-0,0.429,0.333,7-0-0,1.0,1.0,-1.0,12.571,9.0,12.2,-13.375,-3.571,-6.332999999999998,-0.8,-4.125,1.143,1.6669999999999998,1.6,2.3125,1.429,1.0,1.4,1.625,1.571,0.667,1.4,-1.5,-0.14300000000000002,-0.333,0.0,0.1875,0.339,0.279,0.34600000000000003,0.342,0.386,0.412
win,55948,2013,8,MIA,0.438,0.25,NE,0.75,0.75,1,3-3-0,0.5,0.667,5-2-0,0.7140000000000001,1.0,0.6000000000000001,3.571,-2.333,4.0,14.125,-0.833,-8.667,-3.6,-1.8125,1.143,1.3330000000000002,1.0,1.0,1.833,2.333,2.0,1.625,0.7140000000000001,0.333,0.4,1.5625,-0.16699999999999998,-1.0,-0.6,-0.625,0.32,0.166,0.293,0.377,0.251,0.353
win,55949,2013,8,BUF,0.375,0.25,NO,0.438,0.5,0,3-4-0,0.429,0.333,5-1-0,0.833,1.0,0.0,9.667,8.667,10.4,0.4375,-2.714,-4.667,-3.6,-5.6875,1.167,1.0,1.2,1.5,1.429,1.0,1.2,2.125,0.833,1.0,0.8,0.125,0.7140000000000001,0.333,1.0,-0.8125,0.425,0.398,0.418,0.35600000000000004,0.419,0.35200000000000004
loss,55950,2013,8,NYG,0.563,0.375,PHI,0.25,0.25,1,1-6-0,0.14300000000000002,0.0,3-4-0,0.429,0.0,0.2,-3.857,4.0,-6.0,-10.25,-12.857,-1.6669999999999998,-13.4,5.3125,1.714,1.3330000000000002,1.8,2.3125,3.429,2.667,2.8,1.3125,0.0,1.0,-0.4,-1.5,-2.0,-1.6669999999999998,-1.2,0.875,0.417,0.399,0.399,0.335,0.463,0.342
win,55951,2013,8,PIT,0.5,0.375,OAK,0.25,0.375,0,2-4-0,0.333,0.333,2-4-0,0.333,0.667,1.0,-4.5,-5.667000000000002,-4.6,-9.5625,-4.167,3.0,-3.6,1.375,1.3330000000000002,1.6669999999999998,1.2,1.625,2.0,1.0,2.0,1.875,0.16699999999999998,0.667,0.6,-0.5,-1.6669999999999998,-0.333,-1.6,-0.625,0.35600000000000004,0.298,0.319,0.387,0.4970000000000001,0.403
win,55952,2013,8,NYJ,0.375,0.375,CIN,0.625,0.5,0,4-3-0,0.5710000000000001,0.333,5-2-0,0.7140000000000001,1.0,0.0,1.857,4.333,1.2,4.4375,-4.0,-2.667,-5.2,-5.875,1.714,1.0,1.8,1.625,2.143,1.0,1.8,2.3125,-0.28600000000000003,0.0,-0.4,0.25,-1.714,-0.333,-1.4,-0.875,0.412,0.396,0.368,0.39,0.447,0.401
win,55953,2013,8,ATL,0.813,0.75,ARI,0.313,0.5,0,2-4-0,0.333,0.0,3-4-0,0.429,0.667,-1.0,-4.0,-2.667,-5.8,-6.6875,-0.667,-0.333,0.4,7.5,2.4290000000000003,3.0,2.8,2.125,1.167,1.0,1.0,1.125,-0.28600000000000003,-0.333,-0.4,-0.0625,-0.333,-0.667,-0.2,0.8125,0.304,0.35,0.307,0.421,0.421,0.451
win,55954,2013,8,WAS,0.625,0.625,DEN,0.813,0.875,0,2-4-0,0.333,0.333,6-1-0,0.857,1.0,0.0,14.429,4.333,12.2,12.0,-5.332999999999998,-0.333,-5.2,3.0,1.857,2.667,2.0,1.5625,1.6669999999999998,1.3330000000000002,1.4,0.875,-0.28600000000000003,-1.0,-1.0,-0.0625,-0.333,0.0,-0.2,1.0625,0.541,0.514,0.545,0.381,0.45,0.417
loss,55955,2013,8,GB,0.688,0.5,MIN,0.625,0.875,1,4-2-0,0.667,0.333,1-5-0,0.16699999999999998,0.333,-0.5,-8.167,-11.333,-7.8,1.9375,6.832999999999998,11.0,9.4,6.0625,2.5,1.6669999999999998,2.2,1.4375,1.5,0.667,1.4,1.0,-0.333,-0.667,0.0,-0.0625,-0.333,0.0,0.0,0.4375,0.382,0.394,0.418,0.406,0.443,0.407
loss,55956,2013,8,SEA,0.688,0.375,STL,0.469,0.5,1,6-1-0,0.857,0.75,3-4-0,0.429,0.667,-0.6000000000000001,-4.0,8.0,-4.8,-3.0625,10.714,4.333,8.8,10.4375,1.286,1.0,1.2,1.375,1.714,2.0,2.0,1.125,0.429,1.3330000000000002,0.8,-0.0625,1.0,0.0,0.4,0.75,0.312,0.386,0.282,0.361,0.378,0.35
win,55957,2013,9,CIN,0.625,0.75,MIA,0.438,0.625,0,6-2-0,0.75,0.5,3-4-0,0.429,0.333,1.0,-2.143,-5.0,-6.4,-1.8125,6.625,15.333,8.4,4.4375,2.0,2.0,2.4,1.625,1.625,0.667,1.2,1.625,-0.429,-0.667,-1.0,-0.625,-0.125,0.333,-0.2,0.25,0.391,0.297,0.361,0.429,0.445,0.404
loss,55958,2013,9,KC,0.125,0.125,BUF,0.375,0.5,0,8-0-0,1.0,1.0,3-5-0,0.375,0.5,1.0,-4.625,-6.332999999999998,-5.8,-5.6875,11.75,8.0,11.4,-13.375,1.625,1.6669999999999998,1.8,2.125,1.0,1.0,1.6,2.3125,0.25,-0.333,0.0,-0.8125,1.5,0.667,0.6,-1.5,0.36,0.443,0.384,0.362,0.426,0.385
win,55959,2013,9,ATL,0.813,0.75,CAR,0.438,0.375,1,2-5-0,0.28600000000000003,0.0,4-3-0,0.5710000000000001,0.667,-0.2,10.571,19.333,16.0,-0.375,-2.571,-2.667,-3.8,7.5,1.286,0.0,1.2,1.3125,1.571,2.0,1.8,1.125,0.857,2.0,1.2,0.125,-0.7140000000000001,-1.3330000000000002,-1.0,0.8125,0.443,0.407,0.442,0.418,0.411,0.423
win,55960,2013,9,MIN,0.625,0.375,DAL,0.5,0.5,0,1-6-0,0.14300000000000002,0.0,4-4-0,0.5,0.75,0.0,5.5,9.333,3.2,-1.5,-8.857000000000003,-18.0,-10.2,1.9375,1.25,1.0,1.2,1.8125,2.143,1.6669999999999998,1.6,1.4375,1.125,2.0,1.2,-0.8125,-0.28600000000000003,-1.3330000000000002,-0.2,-0.0625,0.378,0.32,0.392,0.363,0.35600000000000004,0.381
win,55961,2013,9,NO,0.438,0.375,NYJ,0.375,0.375,0,6-1-0,0.857,0.667,4-4-0,0.5,0.75,0.0,-8.5,-16.667,-14.6,-5.875,10.857,7.667000000000002,13.6,0.4375,2.125,1.6669999999999998,1.8,2.3125,1.0,0.667,0.8,1.5,-1.625,-1.0,-1.2,-0.875,1.143,1.0,1.4,0.125,0.391,0.399,0.41,0.431,0.4,0.44
loss,55962,2013,9,TEN,0.375,0.25,STL,0.469,0.5,0,3-4-0,0.429,0.333,3-5-0,0.375,0.5,0.0,-4.125,1.6669999999999998,-1.0,-3.0625,-0.14300000000000002,-10.0,-0.4,-8.8125,1.375,1.6669999999999998,1.4,1.375,1.0,2.333,1.4,1.75,0.125,-0.333,0.4,-0.0625,0.857,-1.0,0.4,-0.25,0.318,0.365,0.338,0.373,0.325,0.392
win,55963,2013,9,SD,0.438,0.5,WAS,0.625,0.625,0,4-3-0,0.5710000000000001,0.5,2-5-0,0.28600000000000003,0.333,0.0,-8.0,-11.667,-6.4,3.0,3.429,6.0,4.8,0.0,2.143,2.667,2.2,0.875,1.429,1.6669999999999998,1.4,1.625,-0.429,-0.667,-0.4,1.0625,-0.7140000000000001,-1.0,-0.8,0.125,0.388,0.489,0.448,0.481,0.482,0.439
loss,55964,2013,9,PHI,0.25,0.25,OAK,0.25,0.375,0,3-5-0,0.375,0.75,3-4-0,0.429,0.75,0.0,-3.429,-1.3330000000000002,-6.0,-9.5625,-4.375,-3.667,-5.6,-10.25,1.571,2.0,1.6,1.625,1.875,2.333,1.4,2.3125,0.0,0.667,0.6,-0.5,-0.25,-1.0,0.2,-1.5,0.35600000000000004,0.319,0.334,0.396,0.324,0.389
win,55965,2013,9,TB,0.438,0.5,SEA,0.688,1.0,0,0-7-0,0.0,0.0,7-1-0,0.875,1.0,0.0,10.0,8.0,4.2,10.4375,-9.0,-12.333,-12.0,-0.3125,1.5,1.3330000000000002,1.6,1.125,1.429,1.0,1.4,1.4375,1.125,0.667,0.6,0.75,0.0,-0.333,-0.2,0.1875,0.338,0.383,0.306,0.355,0.327,0.345
win,55966,2013,9,BAL,0.625,0.5,CLE,0.313,0.5,1,3-4-0,0.429,0.25,3-5-0,0.375,0.5,-1.0,-3.875,-12.667,-2.8,-4.125,0.28600000000000003,-0.667,3.2,3.375,1.375,1.3330000000000002,0.8,1.625,1.571,1.0,1.6,1.0,-0.25,-1.0,0.0,0.1875,-0.28600000000000003,0.0,-0.2,0.5625,0.331,0.332,0.382,0.3670000000000001,0.339,0.341
win,55967,2013,9,PIT,0.5,0.375,NE,0.75,0.75,0,2-5-0,0.28600000000000003,0.25,6-2-0,0.75,1.0,-1.0,4.375,3.333,2.0,14.125,-4.0,4.333,-2.2,1.375,1.125,1.0,1.0,1.0,2.0,1.0,2.0,1.875,0.875,1.0,0.8,1.5625,-1.286,0.667,-1.0,-0.625,0.305,0.205,0.247,0.37,0.408,0.406
loss,55968,2013,9,IND,0.688,0.5,HOU,0.75,0.75,1,5-2-0,0.7140000000000001,0.667,2-5-0,0.28600000000000003,0.333,-0.2,-10.286,-19.0,-16.2,5.3125,8.0,0.667,11.2,-1.875,2.286,3.0,2.6,1.0625,0.857,1.3330000000000002,1.0,1.6875,-1.571,-2.333,-1.8,0.75,1.0,0.333,1.0,-0.75,0.359,0.364,0.339,0.4320000000000001,0.359,0.391
loss,55969,2013,9,CHI,0.625,0.625,GB,0.688,0.875,1,4-3-0,0.5710000000000001,0.333,5-2-0,0.7140000000000001,1.0,1.0,7.713999999999999,11.0,8.4,6.0625,1.0,-2.0,0.6,6.125,1.286,0.667,1.2,1.0,1.571,0.667,1.2,1.5,-0.28600000000000003,0.0,0.0,0.4375,1.0,0.667,1.2,1.25,0.451,0.5379999999999999,0.472,0.361,0.368,0.303
